OverallQual,GrLivArea,TotalBsmtSF,GarageCars,FullBath,YearBuilt,YearRemodAdd,LotArea,Fireplaces,Neighborhood,BldgType,HouseStyle,CentralAir,SalePrice
6,1358.0,883.0,1.0,1,1956,1967,6969.0,0,CollegeCreek,1Fam,1.5Fin,Y,358200.0
6,2102.0,1692.0,2.0,2,2013,2016,12475.0,1,Somerset,1Fam,2Story,Y,557000.0
6,790.0,623.0,2.0,1,2015,2019,15386.0,3,Somerset,1Fam,1Story,Y,417200.0
6,1616.0,1422.0,2.0,2,1925,1950,2553.0,1,OldTown,1Fam,1.5Fin,Y,378800.0
5,1624.0,,2.0,2,1923,1950,6093.0,0,Gilbert,1Fam,2Story,Y,374400.0
6,1978.0,1650.0,2.0,2,1965,1990,6341.0,1,Somerset,1Fam,1Story,N,475400.0
6,2218.0,2227.0,3.0,3,1979,1986,13183.0,0,NorthAmes,1Fam,1Story,Y,537700.0
7,1960.0,1197.0,3.0,2,2007,2021,1800.0,0,NorthAmes,TwnhsE,1Story,Y,522900.0
5,2355.0,1865.0,2.0,3,1971,1983,17724.0,2,Somerset,1Fam,1Story,Y,516700.0
7,1852.0,1866.0,3.0,3,1927,1950,7001.0,0,CollegeCreek,1Fam,2Story,Y,494600.0
7,1405.0,1369.0,2.0,1,1955,1963,9840.0,0,Sawyer,1Fam,1Story,Y,429800.0
3,1055.0,663.0,0.0,1,1923,1950,22944.0,0,Gilbert,1Fam,1Story,Y,236800.0
10,2579.0,1584.0,4.0,3,2012,2024,23297.0,0,Sawyer,1Fam,2Story,Y,747100.0
8,1851.0,1861.0,3.0,2,2012,2024,10465.0,3,Sawyer,1Fam,1Story,Y,586700.0
8,1619.0,1338.0,3.0,2,1954,1979,9374.0,0,Northridge,1Fam,2Story,Y,581700.0
5,1131.0,700.0,1.0,1,2004,2024,6556.0,1,Edwards,1Fam,1Story,Y,340200.0
6,1466.0,1201.0,3.0,2,2018,2020,4428.0,1,OldTown,1Fam,2Story,N,422400.0
6,1954.0,1694.0,2.0,2,1977,2002,4593.0,0,CollegeCreek,1Fam,1Story,Y,474200.0
7,1217.0,1072.0,3.0,1,1985,1995,12946.0,0,CollegeCreek,1Fam,2Story,Y,463300.0
6,2383.0,2243.0,3.0,4,2010,2023,11625.0,0,Northridge,1Fam,2Story,Y,663600.0
7,2248.0,1567.0,2.0,3,2007,2018,15102.0,1,Gilbert,Twnhs,1Story,N,541600.0
7,1918.0,1302.0,2.0,3,1955,1974,9747.0,0,Gilbert,1Fam,2Story,Y,514200.0
5,944.0,1010.0,2.0,1,1936,1963,7791.0,0,OldTown,1Fam,1Story,Y,264900.0
5,1770.0,1347.0,2.0,2,1993,2017,2700.0,1,Crawford,1Fam,2Story,Y,435100.0
5,1714.0,1547.0,1.0,3,1934,1953,6262.0,2,Northridge,1Fam,1.5Fin,Y,448300.0
4,1147.0,1153.0,1.0,1,1940,1950,7195.0,0,Somerset,1Fam,1Story,Y,311500.0
5,1984.0,1715.0,2.0,1,1952,1957,14738.0,0,Crawford,1Fam,SLvl,Y,427900.0
7,1645.0,1374.0,2.0,2,1970,1970,10712.0,1,Mitchell,1Fam,1Story,Y,464500.0
4,600.0,655.0,1.0,1,2011,2022,11831.0,0,Somerset,1Fam,1Story,N,276300.0
7,1579.0,1716.0,3.0,2,1933,1950,9242.0,1,CollegeCreek,1Fam,1Story,Y,497200.0
9,1773.0,1202.0,3.0,2,1933,1950,17662.0,2,Northridge,1Fam,1Story,Y,620100.0
6,1337.0,1382.0,2.0,2,1946,1964,8310.0,0,Northridge,TwnhsE,1Story,Y,460100.0
8,1726.0,1407.0,3.0,2,1998,2008,4250.0,1,CollegeCreek,1Fam,1Story,Y,564300.0
6,2024.0,1321.0,1.0,3,2009,2024,6734.0,1,CollegeCreek,1Fam,1Story,Y,525700.0
4,1586.0,1353.0,0.0,2,2015,2016,15773.0,0,OldTown,1Fam,2Story,Y,354400.0
7,1271.0,0.0,3.0,2,2018,2024,14751.0,1,NorthAmes,1Fam,1Story,Y,438000.0
4,2068.0,2193.0,2.0,2,2013,2024,6619.0,0,OldTown,Duplex,2Story,Y,446900.0
4,2233.0,2240.0,2.0,3,1979,2004,7209.0,0,Northridge,1Fam,2Story,Y,532700.0
5,1709.0,1161.0,1.0,2,1988,1995,8466.0,0,NorthAmes,1Fam,2Story,Y,387500.0
5,2183.0,2118.0,1.0,2,1931,1951,10215.0,0,Gilbert,1Fam,2Story,N,396100.0
7,1887.0,1238.0,4.0,2,1967,1967,5905.0,1,Edwards,1Fam,1Story,Y,492200.0
8,1941.0,1651.0,3.0,2,2020,2020,3066.0,1,Sawyer,1Fam,1.5Fin,Y,606200.0
7,2071.0,1264.0,3.0,2,1994,2023,13399.0,2,NorthAmes,1Fam,2Story,Y,530800.0
6,1859.0,1374.0,3.0,3,1948,1960,15502.0,2,Somerset,1Fam,1Story,Y,511100.0
8,1704.0,0.0,3.0,2,1973,1993,9596.0,3,Edwards,TwnhsE,1Story,Y,509400.0
10,1739.0,1846.0,4.0,2,1955,1963,9074.0,2,Northridge,1Fam,2Story,Y,737800.0
4,1324.0,833.0,1.0,2,1937,1957,3989.0,0,Edwards,1Fam,2Story,Y,279000.0
6,1916.0,1929.0,3.0,3,1966,1979,12984.0,0,Northridge,1Fam,2Story,Y,552800.0
5,1877.0,1949.0,2.0,3,1928,1950,13977.0,1,OldTown,1Fam,2Story,Y,415400.0
7,1663.0,1632.0,2.0,2,1936,1950,9574.0,1,OldTown,1Fam,2Story,Y,432800.0
6,2242.0,1373.0,2.0,3,1993,2017,9142.0,2,Sawyer,2fmCon,2Story,Y,539500.0
8,1361.0,1199.0,3.0,1,1991,2009,14517.0,1,NorthAmes,1Fam,1.5Fin,Y,514500.0
6,2252.0,2350.0,3.0,3,1941,1950,3646.0,0,NorthAmes,1Fam,1Story,Y,496600.0
4,814.0,893.0,2.0,1,1938,1950,7617.0,1,OldTown,1Fam,2Story,Y,236800.0
7,1962.0,1542.0,2.0,2,1999,2024,6443.0,0,Edwards,1Fam,1Story,Y,499300.0
5,1012.0,871.0,1.0,1,1940,1959,21082.0,1,Gilbert,1Fam,1Story,Y,360100.0
9,2468.0,2591.0,4.0,2,1996,2024,12823.0,2,Edwards,1Fam,2Story,Y,709100.0
6,2672.0,1652.0,2.0,3,1936,1955,16096.0,0,Gilbert,1Fam,2Story,Y,515600.0
5,1451.0,1220.0,1.0,2,1940,1952,13793.0,0,NorthAmes,1Fam,1Story,Y,359500.0
8,1940.0,0.0,3.0,2,1985,1988,20454.0,0,Edwards,1Fam,1Story,Y,499900.0
4,1637.0,1173.0,0.0,2,1977,1997,2657.0,2,Mitchell,Duplex,2Story,Y,351200.0
5,1051.0,980.0,3.0,1,1930,1958,7650.0,0,CollegeCreek,TwnhsE,2Story,Y,342600.0
9,2225.0,2261.0,2.0,3,1963,1984,8545.0,0,NorthAmes,1Fam,1Story,Y,642200.0
9,1443.0,1400.0,1.0,2,2022,2024,7186.0,0,CollegeCreek,1Fam,2Story,Y,576800.0
6,2169.0,2116.0,1.0,2,1937,1954,21936.0,1,Somerset,1Fam,1.5Fin,Y,498800.0
7,1817.0,1648.0,3.0,2,1936,1955,11885.0,1,OldTown,2fmCon,2Story,Y,470800.0
7,1940.0,1668.0,3.0,3,1985,1999,6487.0,1,Northridge,1Fam,2Story,Y,630300.0
7,1117.0,0.0,3.0,1,1951,1969,13732.0,2,NorthAmes,1Fam,2Story,Y,395200.0
6,1468.0,1127.0,1.0,1,1991,2013,10450.0,1,OldTown,1Fam,1Story,Y,376600.0
5,2121.0,1448.0,1.0,3,2019,2024,1800.0,1,Northridge,1Fam,2Story,Y,545300.0
4,1266.0,964.0,1.0,2,2014,2024,11271.0,3,Somerset,1Fam,1Story,N,380100.0
6,949.0,614.0,2.0,1,2003,2014,13967.0,0,NorthAmes,1Fam,2Story,Y,341900.0
6,1486.0,1001.0,1.0,1,1992,2015,12242.0,1,Northridge,1Fam,2Story,Y,487300.0
5,1631.0,1716.0,2.0,2,1982,1991,9033.0,1,OldTown,1Fam,2Story,Y,391200.0
4,1674.0,1084.0,2.0,2,1954,1977,6968.0,0,Gilbert,1Fam,1Story,Y,378100.0
5,1607.0,1093.0,2.0,1,1976,1996,4738.0,0,Gilbert,1Fam,1Story,N,377600.0
4,600.0,614.0,1.0,1,1925,1953,7769.0,1,NorthAmes,1Fam,1.5Fin,Y,220600.0
5,1771.0,1947.0,2.0,2,1997,2016,5614.0,1,Somerset,1Fam,1Story,Y,477100.0
8,1445.0,1166.0,3.0,2,1949,1966,11988.0,1,Northridge,1Fam,2Story,Y,577500.0
7,1751.0,1825.0,3.0,2,1954,1964,23805.0,0,Edwards,TwnhsE,1Story,Y,459000.0
4,1290.0,779.0,1.0,1,1925,1950,4844.0,2,NorthAmes,1Fam,2Story,Y,299700.0
4,1544.0,1357.0,0.0,2,1974,1990,15517.0,0,CollegeCreek,Duplex,SLvl,Y,343600.0
4,2095.0,2096.0,1.0,3,2015,2017,5845.0,1,Edwards,1Fam,2Story,Y,460300.0
7,1109.0,727.0,3.0,1,1952,1979,7777.0,1,Somerset,TwnhsE,2Story,Y,459000.0
6,1731.0,1277.0,1.0,2,1965,1974,8374.0,0,Mitchell,1Fam,1Story,Y,419300.0
4,1137.0,839.0,1.0,1,1948,1963,4967.0,2,NorthAmes,1Fam,1Story,Y,259000.0
4,1343.0,949.0,2.0,1,1955,1961,8483.0,1,NorthAmes,1Fam,2Story,Y,324100.0
5,1514.0,1109.0,2.0,2,1931,1955,6745.0,0,Gilbert,1Fam,1Story,Y,385600.0
6,1113.0,1194.0,2.0,1,1966,1981,13697.0,1,Northridge,1Fam,1Story,Y,457100.0
7,1340.0,1459.0,4.0,2,2022,2024,11706.0,0,CollegeCreek,1Fam,1.5Fin,Y,535500.0
6,1761.0,1113.0,2.0,2,1941,1956,6261.0,0,Sawyer,1Fam,1.5Fin,Y,372100.0
6,1754.0,1786.0,2.0,2,1976,1998,9362.0,1,NorthAmes,1Fam,1Story,Y,459700.0
4,1532.0,0.0,1.0,2,1970,1997,4997.0,1,OldTown,1Fam,1Story,Y,283700.0
4,1980.0,1361.0,2.0,3,1957,1985,5789.0,0,Northridge,1Fam,1Story,Y,452700.0
8,2292.0,2164.0,3.0,3,1950,1952,8672.0,3,Gilbert,1Fam,2Story,Y,623100.0
5,1070.0,883.0,3.0,2,1973,1973,7878.0,2,Somerset,TwnhsE,2Story,Y,407500.0
4,1485.0,981.0,3.0,2,2003,2015,8069.0,0,NorthAmes,1Fam,1Story,Y,378800.0
7,1988.0,1903.0,2.0,3,2011,2015,13057.0,0,CollegeCreek,1Fam,1Story,Y,559800.0
5,1822.0,1771.0,1.0,1,1942,1961,11114.0,0,CollegeCreek,1Fam,1Story,Y,435600.0
6,1576.0,1144.0,1.0,2,1950,1971,9127.0,0,Edwards,1Fam,1Story,Y,389400.0
6,2521.0,1864.0,2.0,3,1995,2017,14667.0,0,OldTown,1Fam,2Story,Y,529300.0
6,1348.0,1267.0,2.0,1,1999,2024,5578.0,0,Crawford,1Fam,SLvl,Y,424900.0
5,1414.0,1144.0,2.0,2,1940,1950,6854.0,2,Crawford,1Fam,1Story,Y,378800.0
6,1432.0,1071.0,2.0,1,2004,2024,15974.0,2,Gilbert,1Fam,1Story,Y,451300.0
4,1279.0,785.0,1.0,2,1977,1977,9897.0,0,Somerset,2fmCon,1Story,Y,362300.0
4,924.0,968.0,1.0,1,2000,2000,9855.0,0,NorthAmes,1Fam,2Story,Y,293700.0
4,1728.0,1080.0,2.0,2,1989,2007,2063.0,0,Edwards,1Fam,1Story,N,336700.0
6,1275.0,970.0,3.0,1,2007,2008,17532.0,0,Northridge,1Fam,1Story,Y,472900.0
6,1725.0,1883.0,,2,1971,1995,10313.0,0,Sawyer,1Fam,2Story,Y,464000.0
6,1856.0,,3.0,2,1997,2001,7747.0,1,Northridge,1Fam,2Story,Y,570100.0
7,1599.0,1135.0,2.0,2,1956,1969,9035.0,0,Gilbert,1Fam,2Story,Y,446100.0
6,1263.0,953.0,2.0,2,1970,1975,5830.0,0,Gilbert,1Fam,1Story,Y,410700.0
4,1499.0,1089.0,1.0,2,1945,1974,10443.0,1,CollegeCreek,1Fam,2Story,Y,358500.0
7,2588.0,1827.0,3.0,2,2002,2024,18229.0,1,Edwards,1Fam,2Story,N,567600.0
5,1904.0,1434.0,2.0,2,1927,1950,9400.0,0,NorthAmes,1Fam,1Story,Y,382100.0
5,1266.0,1281.0,2.0,1,1959,1986,21705.0,1,CollegeCreek,1Fam,2Story,Y,392200.0
5,1838.0,1213.0,1.0,2,2017,2024,24164.0,3,Somerset,1Fam,1Story,N,460700.0
6,1437.0,970.0,2.0,3,1986,1992,7736.0,1,CollegeCreek,1Fam,SLvl,Y,449600.0
8,1947.0,1997.0,3.0,2,2008,2024,5788.0,1,NorthAmes,1Fam,SLvl,Y,562000.0
6,1915.0,1668.0,3.0,2,2001,2023,9470.0,0,Crawford,1Fam,1Story,Y,503200.0
9,1776.0,1602.0,4.0,2,1956,1981,12681.0,0,Gilbert,1Fam,1.5Fin,Y,637100.0
5,1818.0,1883.0,1.0,2,2012,2022,5492.0,1,CollegeCreek,1Fam,2Story,Y,463600.0
5,1768.0,1092.0,1.0,2,1961,1976,5136.0,1,Edwards,1Fam,1Story,Y,376500.0
4,1473.0,1179.0,1.0,2,2013,2024,6771.0,0,NorthAmes,1Fam,1Story,Y,384500.0
5,877.0,713.0,2.0,1,1949,1971,6925.0,2,Northridge,Duplex,1.5Fin,N,345600.0
6,1251.0,1142.0,2.0,1,1932,1950,10100.0,1,CollegeCreek,Twnhs,1.5Fin,Y,391500.0
8,2366.0,2025.0,2.0,3,1928,1950,4705.0,0,NorthAmes,TwnhsE,2Story,Y,572600.0
7,2288.0,2406.0,3.0,3,1927,1950,6083.0,2,OldTown,Twnhs,1Story,Y,542000.0
5,1815.0,1706.0,1.0,2,1936,1952,11243.0,1,Northridge,1Fam,2Story,N,435200.0
6,832.0,517.0,3.0,1,1925,1950,7193.0,0,CollegeCreek,2fmCon,2Story,Y,354900.0
4,1262.0,1228.0,1.0,1,1949,1952,5873.0,0,Mitchell,1Fam,1Story,Y,270900.0
5,1736.0,1717.0,2.0,2,1924,1950,15393.0,1,Sawyer,1Fam,2Story,Y,403600.0
7,1054.0,775.0,2.0,1,1958,1977,2862.0,1,CollegeCreek,1Fam,1Story,Y,396600.0
6,1785.0,1323.0,2.0,2,1966,1966,5141.0,0,Gilbert,1Fam,1Story,Y,425700.0
4,2253.0,2099.0,1.0,3,1974,1994,11865.0,1,Somerset,Twnhs,2Story,Y,487400.0
5,1683.0,1156.0,2.0,1,1999,1999,13006.0,0,Gilbert,Twnhs,1Story,Y,406000.0
7,1915.0,1287.0,3.0,2,2014,2024,7705.0,0,CollegeCreek,TwnhsE,1Story,Y,558900.0
5,631.0,552.0,2.0,1,1934,1953,5077.0,0,Mitchell,Duplex,1Story,N,203100.0
7,2384.0,1910.0,2.0,2,1956,1965,15796.0,1,Gilbert,1Fam,1Story,N,531700.0
6,1482.0,1271.0,3.0,2,2022,2024,9013.0,0,NorthAmes,1Fam,1Story,Y,453100.0
6,1478.0,1603.0,3.0,1,2010,2023,9706.0,1,Sawyer,1Fam,2Story,Y,436400.0
7,1795.0,1077.0,2.0,2,2014,2024,9804.0,1,Sawyer,1Fam,1.5Fin,Y,479300.0
6,1464.0,882.0,2.0,1,1995,2011,11230.0,2,Mitchell,1Fam,1.5Fin,Y,387900.0
4,852.0,560.0,2.0,1,1930,1958,13996.0,1,Edwards,TwnhsE,1Story,Y,232900.0
9,1405.0,992.0,3.0,1,1925,1950,8433.0,1,OldTown,TwnhsE,1Story,Y,478900.0
5,1263.0,783.0,1.0,2,1966,1975,7329.0,0,CollegeCreek,1Fam,1Story,Y,350500.0
5,1203.0,1132.0,2.0,2,1964,1969,21676.0,2,CollegeCreek,1Fam,2Story,Y,371200.0
5,1890.0,1801.0,1.0,2,1976,1980,3651.0,0,Gilbert,Twnhs,1Story,Y,444900.0
5,1516.0,1090.0,1.0,2,1938,1950,6784.0,1,Gilbert,1Fam,SLvl,Y,359100.0
5,1889.0,1680.0,1.0,1,1983,1989,15177.0,0,OldTown,1Fam,1Story,Y,390100.0
3,1261.0,1251.0,1.0,1,2003,2024,6845.0,1,NorthAmes,1Fam,1Story,Y,320100.0
3,1341.0,1355.0,2.0,2,1946,1950,13773.0,2,CollegeCreek,1Fam,2Story,Y,343200.0
7,1800.0,1776.0,2.0,2,1948,1954,5681.0,1,NorthAmes,1Fam,2Story,Y,470600.0
6,1020.0,683.0,2.0,1,2010,2010,9027.0,1,Northridge,1Fam,1Story,Y,434200.0
6,1649.0,1755.0,2.0,3,1931,1955,9131.0,1,NorthAmes,1Fam,1.5Fin,Y,463900.0
10,1939.0,1929.0,3.0,3,1976,1998,9705.0,0,CollegeCreek,1Fam,1Story,Y,690000.0
5,1705.0,1085.0,2.0,2,1975,1993,3412.0,1,Somerset,TwnhsE,2Story,Y,432600.0
4,1298.0,942.0,2.0,1,2000,2000,12407.0,0,NorthAmes,1Fam,2Story,Y,344700.0
5,2428.0,2282.0,2.0,2,1927,1950,9859.0,1,NorthAmes,1Fam,2Story,N,449700.0
3,600.0,0.0,0.0,1,1969,1994,16080.0,0,OldTown,1Fam,2Story,Y,167700.0
6,1094.0,1141.0,,2,1929,1950,8797.0,0,NorthAmes,1Fam,1.5Fin,Y,379100.0
5,2065.0,2250.0,2.0,3,1941,1950,8426.0,0,Edwards,1Fam,2Story,Y,427300.0
6,1091.0,1055.0,2.0,1,2007,2019,18394.0,0,Somerset,1Fam,2Story,Y,442500.0
4,600.0,495.0,2.0,1,1940,1966,8355.0,0,Somerset,1Fam,1Story,Y,274600.0
4,880.0,669.0,2.0,1,1962,1977,11615.0,0,Edwards,1Fam,2Story,Y,238700.0
7,1923.0,1745.0,3.0,2,2007,2023,6433.0,0,NorthAmes,1Fam,1Story,Y,523100.0
6,1673.0,1286.0,1.0,2,1953,1982,9296.0,1,Northridge,1Fam,2Story,Y,479400.0
5,1148.0,887.0,3.0,1,2019,2024,10745.0,0,OldTown,Duplex,1Story,Y,328500.0
4,1403.0,1395.0,1.0,1,2017,2024,16413.0,0,Mitchell,1Fam,1Story,Y,329100.0
8,1338.0,1326.0,3.0,2,1933,1957,8053.0,1,CollegeCreek,1Fam,1.5Fin,Y,502900.0
7,1853.0,1158.0,3.0,2,1992,2013,12545.0,3,Somerset,1Fam,1Story,Y,544900.0
7,1806.0,1455.0,3.0,2,1934,1950,7497.0,0,Gilbert,Twnhs,SLvl,Y,444400.0
2,600.0,641.0,1.0,1,1947,1972,6256.0,1,Sawyer,1Fam,2Story,Y,187100.0
8,1325.0,1271.0,2.0,2,1939,1962,14779.0,0,CollegeCreek,1Fam,1Story,Y,483900.0
3,1574.0,1050.0,1.0,1,1970,1973,11308.0,0,NorthAmes,1Fam,1Story,Y,293800.0
6,1513.0,1645.0,2.0,2,1930,1950,6928.0,0,OldTown,1Fam,1Story,Y,384400.0
5,826.0,812.0,1.0,1,1979,2006,8284.0,2,CollegeCreek,1Fam,1Story,Y,334200.0
5,1430.0,1460.0,2.0,1,1943,1967,9474.0,1,Mitchell,1Fam,2Story,Y,353300.0
6,1878.0,1142.0,2.0,2,1980,1988,17337.0,1,Crawford,1Fam,2Story,Y,450200.0
6,1623.0,1556.0,2.0,2,1974,1981,15452.0,0,Somerset,TwnhsE,1Story,Y,475500.0
5,1581.0,1559.0,1.0,2,1991,2009,3082.0,0,CollegeCreek,1Fam,1Story,Y,409900.0
8,1867.0,1604.0,3.0,2,1972,1977,12527.0,1,NorthAmes,1Fam,2Story,Y,587100.0
6,1095.0,1154.0,2.0,1,1995,2016,5965.0,0,Gilbert,1Fam,1Story,N,361900.0
8,2333.0,1506.0,4.0,3,2016,2024,12937.0,2,OldTown,1Fam,1Story,Y,613400.0
3,1128.0,901.0,1.0,1,2006,2006,12984.0,0,OldTown,1Fam,1.5Fin,Y,243800.0
4,918.0,632.0,2.0,1,1926,1950,19827.0,0,Edwards,1Fam,2Story,Y,267600.0
5,905.0,547.0,3.0,1,1923,1950,14317.0,0,Northridge,Twnhs,2Story,Y,377500.0
7,1071.0,1085.0,3.0,1,2020,2024,8534.0,2,Sawyer,1Fam,2Story,Y,468500.0
6,2316.0,1891.0,2.0,2,1952,1970,8884.0,0,Edwards,1Fam,1.5Fin,Y,464100.0
9,1275.0,1088.0,3.0,1,1950,1950,18325.0,0,Edwards,1Fam,SLvl,N,459400.0
5,1288.0,1386.0,1.0,1,1977,1993,17103.0,0,NorthAmes,TwnhsE,1Story,Y,360700.0
6,1290.0,903.0,1.0,2,1961,1965,4855.0,0,NorthAmes,1Fam,1Story,Y,368400.0
7,754.0,624.0,2.0,1,1934,1950,10499.0,1,OldTown,1Fam,2Story,Y,344500.0
5,1755.0,1135.0,2.0,2,2012,2024,16018.0,0,Edwards,1Fam,1.5Fin,N,392800.0
7,1515.0,0.0,3.0,1,1987,1992,14324.0,2,Somerset,1Fam,SLvl,Y,498200.0
3,1628.0,1046.0,0.0,1,1953,1953,8784.0,1,Crawford,1Fam,2Story,Y,297700.0
6,1519.0,1082.0,2.0,2,1932,1950,17933.0,0,OldTown,1Fam,1Story,Y,375000.0
4,1775.0,1346.0,1.0,2,1966,1980,3472.0,0,Edwards,1Fam,2Story,Y,366000.0
3,1469.0,965.0,0.0,1,1938,1967,7652.0,0,Sawyer,1Fam,SLvl,Y,264800.0
5,1004.0,940.0,2.0,1,1994,2022,5421.0,1,OldTown,1Fam,1Story,Y,335500.0
5,1825.0,1615.0,1.0,2,2021,2024,10719.0,1,NorthAmes,1Fam,2Story,Y,441400.0
6,1817.0,1371.0,4.0,2,1966,1980,7945.0,0,Gilbert,1Fam,1Story,Y,492300.0
6,2117.0,1716.0,2.0,2,1937,1950,9929.0,1,Gilbert,1Fam,2Story,Y,471100.0
6,1949.0,2076.0,2.0,2,1967,1975,7781.0,1,Sawyer,Duplex,2Story,Y,467500.0
4,1237.0,882.0,2.0,2,1931,1950,7956.0,0,NorthAmes,1Fam,1Story,N,287600.0
9,1830.0,1238.0,3.0,2,1956,1964,3000.0,0,NorthAmes,1Fam,2Story,Y,578400.0
6,1603.0,1072.0,2.0,2,1939,1965,6163.0,0,Northridge,1Fam,1Story,Y,465800.0
7,1796.0,1138.0,3.0,3,1977,1987,6218.0,0,Sawyer,1Fam,1Story,Y,492400.0
5,2420.0,2411.0,2.0,2,1970,1970,6835.0,1,NorthAmes,1Fam,2Story,Y,466800.0
4,1404.0,1515.0,2.0,1,2002,2024,13911.0,0,NorthAmes,1Fam,1Story,Y,371600.0
6,1501.0,1575.0,2.0,1,1953,1955,6444.0,2,CollegeCreek,1Fam,1Story,Y,427200.0
8,973.0,997.0,2.0,1,1960,1968,3279.0,1,Somerset,1Fam,2Story,Y,453200.0
9,1313.0,1071.0,3.0,1,1979,1992,7312.0,0,Gilbert,1Fam,1Story,Y,563900.0
8,1324.0,861.0,2.0,2,1998,2024,7058.0,0,Mitchell,1Fam,1Story,Y,494600.0
5,1791.0,1086.0,2.0,2,1979,1979,9418.0,1,CollegeCreek,1Fam,2Story,Y,429800.0
7,667.0,505.0,3.0,1,1931,1950,8616.0,0,Edwards,1Fam,2Story,Y,326800.0
8,1685.0,1640.0,2.0,2,1953,1954,10462.0,1,CollegeCreek,1Fam,1Story,Y,543900.0
7,2041.0,2219.0,3.0,2,1967,1974,5702.0,1,Sawyer,1Fam,1Story,Y,548600.0
7,2148.0,1436.0,3.0,2,2003,2003,5091.0,0,Edwards,1Fam,1Story,Y,548200.0
2,1825.0,1253.0,2.0,2,1961,1966,8320.0,1,Edwards,1Fam,2Story,N,285900.0
7,832.0,775.0,2.0,1,2017,2024,19274.0,2,OldTown,Duplex,1Story,Y,392700.0
6,1628.0,1711.0,3.0,2,1972,1989,27012.0,0,Somerset,Duplex,2Story,Y,507000.0
5,1027.0,944.0,2.0,1,1957,1973,5768.0,1,Somerset,1Fam,SLvl,Y,358800.0
7,2030.0,1765.0,2.0,2,2002,2009,2836.0,0,Sawyer,1Fam,2Story,Y,533500.0
5,1309.0,819.0,2.0,1,1981,1986,15389.0,1,Edwards,1Fam,SLvl,Y,354000.0
7,2712.0,2944.0,3.0,3,1996,2017,12309.0,2,Somerset,1Fam,1Story,Y,674900.0
7,1014.0,660.0,2.0,1,2014,2016,2695.0,0,Gilbert,1Fam,1Story,Y,435800.0
7,1758.0,1206.0,3.0,2,2020,2024,9796.0,2,Mitchell,1Fam,2Story,Y,509600.0
6,1495.0,1532.0,2.0,2,1947,1956,5076.0,1,NorthAmes,1Fam,1Story,N,400500.0
6,1421.0,,1.0,2,1949,1973,4484.0,0,NorthAmes,1Fam,2Story,Y,345700.0
7,1458.0,1575.0,3.0,1,2004,2021,8787.0,0,Crawford,Twnhs,SLvl,Y,495000.0
5,1508.0,1154.0,2.0,1,1993,2017,13877.0,1,CollegeCreek,TwnhsE,1.5Fin,Y,412600.0
5,2199.0,1880.0,3.0,2,1941,1950,34511.0,0,NorthAmes,1Fam,1Story,Y,456600.0
5,1120.0,731.0,1.0,2,1996,2012,4617.0,0,OldTown,1Fam,1Story,Y,340600.0
5,1639.0,1031.0,2.0,2,2010,2024,6879.0,0,NorthAmes,1Fam,2Story,Y,400500.0
7,1278.0,1231.0,3.0,1,1931,1950,8706.0,0,NorthAmes,1Fam,1Story,Y,398500.0
5,2111.0,1638.0,2.0,3,2023,2024,5351.0,0,Sawyer,1Fam,1Story,N,464200.0
5,2028.0,1400.0,2.0,2,1979,2007,31682.0,1,CollegeCreek,1Fam,1Story,Y,472500.0
5,804.0,728.0,1.0,1,1939,1964,29442.0,1,NorthAmes,1Fam,1Story,Y,297400.0
7,1612.0,1567.0,2.0,2,1944,1954,18556.0,0,NorthAmes,1Fam,1.5Fin,N,430100.0
8,1798.0,1536.0,3.0,2,1973,2001,12272.0,1,OldTown,Duplex,2Story,Y,520200.0
8,1409.0,1091.0,3.0,2,1981,2004,11831.0,1,OldTown,Duplex,1Story,Y,515700.0
8,2163.0,2347.0,3.0,2,1981,1999,7689.0,0,NorthAmes,1Fam,1Story,Y,626300.0
5,1381.0,961.0,1.0,1,1922,1950,19335.0,1,CollegeCreek,1Fam,1Story,Y,348700.0
6,1529.0,1264.0,2.0,2,1949,1974,10276.0,1,OldTown,1Fam,1Story,Y,382300.0
7,2194.0,1729.0,3.0,3,2006,2024,10113.0,0,NorthAmes,1Fam,2Story,Y,578900.0
8,1371.0,1115.0,2.0,2,1939,1960,2160.0,1,CollegeCreek,Duplex,2Story,Y,498300.0
6,1466.0,1051.0,2.0,1,1958,1978,18633.0,2,Northridge,TwnhsE,1.5Fin,Y,492400.0
6,1919.0,1721.0,2.0,3,1928,1950,14167.0,0,Edwards,1Fam,2Story,Y,448300.0
5,1687.0,1235.0,2.0,2,1994,1998,10760.0,0,NorthAmes,1Fam,2Story,Y,434200.0
7,2192.0,1902.0,3.0,3,1936,1961,8854.0,0,CollegeCreek,1Fam,1Story,Y,544200.0
7,1245.0,1151.0,3.0,1,1972,1972,3173.0,0,Gilbert,1Fam,1Story,Y,424400.0
6,1116.0,891.0,3.0,1,1944,1961,12812.0,3,OldTown,1Fam,2Story,Y,356100.0
7,1659.0,1222.0,2.0,2,1998,2007,9248.0,0,NorthAmes,1Fam,2Story,Y,487100.0
6,1647.0,1476.0,2.0,2,1969,1973,7163.0,1,Sawyer,1Fam,1.5Fin,Y,424300.0
7,1329.0,1282.0,2.0,1,1979,1998,6422.0,2,Somerset,1Fam,2Story,Y,484900.0
5,1046.0,664.0,1.0,1,1988,1997,26006.0,1,Sawyer,1Fam,1Story,Y,338700.0
9,1266.0,1032.0,4.0,1,1997,2019,7493.0,1,NorthAmes,1Fam,1Story,Y,554000.0
5,1363.0,981.0,1.0,2,2017,2024,11141.0,0,Sawyer,1Fam,SLvl,Y,372000.0
6,2184.0,1767.0,3.0,2,1959,1987,17686.0,0,CollegeCreek,1Fam,2Story,Y,520000.0
5,1538.0,985.0,2.0,1,1959,1979,8420.0,0,NorthAmes,1Fam,1Story,Y,364600.0
9,2171.0,2024.0,4.0,2,2001,2001,2937.0,1,NorthAmes,1Fam,1Story,Y,667100.0
7,1688.0,1107.0,2.0,2,2003,2019,6876.0,1,OldTown,1Fam,1Story,Y,471500.0
10,2741.0,0.0,3.0,3,1962,1991,11037.0,2,Somerset,1Fam,1Story,Y,719400.0
6,1377.0,931.0,1.0,1,1952,1968,19217.0,0,NorthAmes,1Fam,1Story,Y,330000.0
8,2038.0,1459.0,3.0,2,1924,1950,7304.0,0,NorthAmes,1Fam,1Story,Y,536400.0
7,1596.0,1663.0,2.0,2,1991,2012,13998.0,1,NorthAmes,1Fam,2Story,Y,477800.0
5,2259.0,2050.0,2.0,2,1929,1950,3784.0,1,Somerset,Twnhs,1Story,Y,471300.0
7,1756.0,1593.0,3.0,2,2015,2024,15076.0,0,NorthAmes,1Fam,1Story,Y,540300.0
4,1048.0,961.0,1.0,2,2015,2015,6006.0,1,Gilbert,1Fam,2Story,Y,323100.0
4,1390.0,836.0,2.0,2,1950,1962,7188.0,1,NorthAmes,1Fam,SLvl,Y,323200.0
5,1105.0,1082.0,2.0,2,2016,2024,11156.0,0,Somerset,1Fam,1Story,Y,419400.0
6,2075.0,1400.0,2.0,2,1997,2006,5598.0,1,NorthAmes,1Fam,1Story,Y,503700.0
7,1084.0,766.0,3.0,2,1974,1977,7097.0,0,Edwards,1Fam,SLvl,Y,386200.0
5,1588.0,1233.0,2.0,2,2011,2024,5555.0,0,NorthAmes,1Fam,2Story,Y,420400.0
8,1678.0,1449.0,3.0,2,1963,1964,11126.0,0,Northridge,1Fam,2Story,Y,590200.0
9,2487.0,0.0,4.0,3,2019,2024,3905.0,0,Sawyer,1Fam,1Story,Y,643900.0
5,1662.0,0.0,2.0,2,1989,2005,5043.0,0,Mitchell,1Fam,1Story,Y,375200.0
6,2057.0,1866.0,2.0,2,1939,1968,4707.0,1,NorthAmes,1Fam,1Story,Y,471400.0
6,1717.0,1778.0,1.0,2,2017,2024,6085.0,1,Edwards,1Fam,2Story,Y,476400.0
7,936.0,664.0,2.0,1,1933,1950,7059.0,0,OldTown,1Fam,1.5Fin,N,325800.0
5,1095.0,665.0,2.0,1,2019,2024,5604.0,0,Edwards,TwnhsE,SLvl,Y,338800.0
7,1467.0,1338.0,3.0,2,1972,1980,13953.0,1,CollegeCreek,1Fam,2Story,Y,518700.0
6,1920.0,1885.0,2.0,2,1974,1996,20803.0,0,OldTown,1Fam,1Story,Y,455900.0
8,2115.0,1361.0,3.0,3,1933,1950,10452.0,1,Gilbert,1Fam,2Story,Y,569500.0
7,1473.0,0.0,3.0,2,1975,1995,9112.0,1,Gilbert,1Fam,1Story,Y,458500.0
7,1275.0,1013.0,3.0,1,1974,1994,3009.0,3,Edwards,1Fam,1Story,Y,418600.0
2,1251.0,0.0,1.0,2,1992,2004,36757.0,2,Somerset,TwnhsE,SLvl,Y,313900.0
5,1366.0,1254.0,2.0,1,2022,2024,19298.0,1,Somerset,1Fam,2Story,Y,449700.0
9,2100.0,1650.0,3.0,2,1992,2004,12862.0,2,CollegeCreek,1Fam,2Story,Y,664500.0
6,1998.0,1535.0,3.0,2,2001,2001,11725.0,0,Sawyer,1Fam,1Story,Y,498800.0
7,1991.0,,3.0,2,1957,1967,4825.0,1,Northridge,TwnhsE,1Story,Y,563700.0
5,1474.0,1405.0,2.0,2,1939,1964,9364.0,1,Gilbert,TwnhsE,1Story,Y,385300.0
6,1366.0,1049.0,3.0,2,1995,2014,5704.0,1,Mitchell,1Fam,1Story,Y,412800.0
7,870.0,,3.0,1,1920,1950,7749.0,1,Edwards,1Fam,2Story,Y,350700.0
6,1495.0,1307.0,2.0,2,1925,1950,6686.0,1,Sawyer,1Fam,1Story,Y,412500.0
6,1345.0,1101.0,1.0,2,1994,2004,12365.0,1,Somerset,1Fam,1Story,Y,436500.0
6,2766.0,2648.0,2.0,3,2000,2007,11851.0,1,Somerset,1Fam,1Story,Y,645500.0
5,2213.0,1335.0,2.0,2,1996,2023,7512.0,1,Crawford,1Fam,2Story,Y,487800.0
7,1252.0,895.0,3.0,1,2005,2010,8118.0,0,NorthAmes,1Fam,1Story,N,432700.0
7,1912.0,1702.0,3.0,3,2003,2012,7889.0,2,Edwards,1Fam,1Story,Y,538200.0
4,1100.0,774.0,1.0,1,1944,1965,16511.0,0,Somerset,1Fam,1Story,Y,295800.0
6,1754.0,1686.0,2.0,2,2010,2023,5756.0,2,Edwards,Duplex,2Story,Y,467900.0
7,1336.0,0.0,4.0,2,2007,2016,13201.0,1,Edwards,1Fam,2Story,Y,430900.0
7,2115.0,2189.0,2.0,3,2009,2024,5834.0,0,CollegeCreek,TwnhsE,2Story,Y,577900.0
8,1806.0,1505.0,3.0,3,1996,2011,14189.0,1,NorthAmes,1Fam,SLvl,Y,569600.0
4,1496.0,1594.0,2.0,2,1931,1950,5541.0,0,OldTown,1Fam,2Story,Y,324700.0
4,1595.0,1617.0,2.0,1,1955,1970,9285.0,1,CollegeCreek,1Fam,1Story,Y,371900.0
7,1543.0,,3.0,1,1943,1966,10763.0,1,NorthAmes,1Fam,1Story,Y,423500.0
6,1909.0,1357.0,2.0,2,1953,1979,11022.0,0,CollegeCreek,1Fam,2Story,Y,474300.0
7,1146.0,1145.0,2.0,1,1920,1950,5897.0,1,OldTown,1Fam,2Story,Y,360900.0
5,1023.0,665.0,2.0,1,1990,2002,8244.0,3,NorthAmes,1Fam,2Story,Y,357900.0
10,1537.0,1561.0,4.0,1,1980,1998,9776.0,1,Northridge,1Fam,2Story,Y,680800.0
7,1885.0,2072.0,4.0,2,1923,1950,19056.0,0,Sawyer,1Fam,2Story,N,492700.0
7,1570.0,1204.0,1.0,2,1978,1978,12030.0,1,OldTown,1Fam,1.5Fin,N,397000.0
6,1720.0,1126.0,2.0,2,1976,1997,6279.0,1,CollegeCreek,1Fam,1Story,Y,459500.0
7,1502.0,1183.0,2.0,1,1976,1979,6116.0,1,OldTown,1Fam,1Story,Y,437500.0
5,2031.0,1995.0,1.0,3,1936,1950,14139.0,1,Mitchell,1Fam,2Story,Y,408800.0
8,1800.0,1170.0,1.0,2,1930,1950,2672.0,0,Gilbert,1Fam,2Story,Y,508600.0
4,1289.0,1337.0,1.0,1,1947,1950,15531.0,1,Gilbert,1Fam,1Story,Y,319800.0
6,2058.0,1766.0,2.0,2,1971,1999,6076.0,0,Crawford,Duplex,1Story,Y,494900.0
7,1170.0,829.0,2.0,1,1976,1989,20316.0,0,Somerset,1Fam,1Story,Y,434300.0
6,1242.0,1167.0,2.0,2,2022,2024,9032.0,1,Gilbert,2fmCon,SLvl,Y,475500.0
6,2121.0,2122.0,2.0,2,1990,1994,12283.0,1,NorthAmes,1Fam,1Story,Y,503200.0
7,1820.0,0.0,2.0,2,1979,2007,9888.0,1,Northridge,1Fam,2Story,Y,505800.0
5,1988.0,2115.0,2.0,2,1979,2004,22670.0,0,Sawyer,1Fam,1Story,Y,441400.0
5,2138.0,2263.0,2.0,2,1987,2005,8441.0,0,Northridge,1Fam,1Story,Y,556700.0
7,1898.0,1173.0,2.0,2,1924,1950,16106.0,1,NorthAmes,Duplex,1Story,N,437400.0
8,1481.0,1392.0,3.0,2,1937,1950,11716.0,1,NorthAmes,1Fam,1Story,Y,489300.0
8,1927.0,1361.0,3.0,2,2007,2024,9392.0,2,Edwards,1Fam,1Story,Y,578000.0
7,1661.0,1645.0,2.0,2,2019,2024,6590.0,1,Northridge,1Fam,1.5Fin,Y,589300.0
6,1577.0,1116.0,1.0,1,1999,2002,8926.0,0,Gilbert,Duplex,2Story,Y,414200.0
6,1426.0,993.0,1.0,3,1941,1950,15336.0,0,CollegeCreek,1Fam,1Story,Y,380300.0
5,2127.0,1686.0,1.0,2,1952,1965,5587.0,1,CollegeCreek,1Fam,1.5Fin,Y,456300.0
5,1704.0,1058.0,2.0,2,2013,2024,7857.0,2,Northridge,Duplex,1Story,Y,479800.0
7,1462.0,915.0,3.0,2,1950,1973,7693.0,1,Somerset,1Fam,1Story,Y,490400.0
6,1084.0,818.0,3.0,1,2008,2024,9475.0,0,Mitchell,1Fam,2Story,Y,395600.0
8,1480.0,1475.0,3.0,2,1944,1966,13052.0,0,Gilbert,1Fam,1Story,Y,536600.0
6,2302.0,1798.0,2.0,2,2017,2024,8650.0,1,Northridge,1Fam,1Story,Y,567500.0
6,1366.0,897.0,2.0,1,1953,1976,34042.0,0,OldTown,1Fam,1Story,Y,359000.0
6,1701.0,0.0,1.0,2,2022,2024,11013.0,1,CollegeCreek,1Fam,1Story,Y,439800.0
5,1888.0,1292.0,2.0,2,2019,2024,14967.0,0,Sawyer,1Fam,1Story,Y,459800.0
4,2282.0,2150.0,1.0,3,1953,1968,11748.0,1,Somerset,1Fam,1Story,Y,454200.0
6,1923.0,1685.0,4.0,2,2022,2024,7693.0,0,Somerset,1Fam,1.5Fin,Y,557500.0
6,1022.0,744.0,2.0,1,1934,1950,22448.0,0,Edwards,1Fam,1.5Fin,Y,311100.0
7,1652.0,1145.0,3.0,2,1955,1966,9176.0,0,Somerset,1Fam,1.5Fin,Y,507400.0
6,1451.0,1562.0,3.0,2,2012,2016,4281.0,1,CollegeCreek,1Fam,1Story,Y,482500.0
4,1700.0,1062.0,2.0,2,2013,2021,4212.0,0,OldTown,1Fam,2Story,Y,330300.0
6,1442.0,1485.0,3.0,1,1961,1970,4282.0,0,Sawyer,Twnhs,1.5Fin,Y,403200.0
7,1797.0,1709.0,3.0,3,1997,2003,3531.0,1,OldTown,Duplex,1.5Fin,N,490500.0
7,1578.0,1726.0,3.0,2,1988,2000,9021.0,2,Mitchell,TwnhsE,1Story,Y,516300.0
4,1369.0,900.0,1.0,2,1949,1971,7755.0,1,CollegeCreek,1Fam,1Story,N,297100.0
5,600.0,0.0,2.0,1,1968,1983,13324.0,1,CollegeCreek,1Fam,2Story,Y,298400.0
6,2054.0,0.0,2.0,2,1927,1950,8024.0,1,CollegeCreek,Twnhs,1Story,Y,426600.0
6,1632.0,1786.0,3.0,2,1990,2011,10809.0,2,NorthAmes,1Fam,1Story,Y,479200.0
5,1386.0,1463.0,2.0,2,1966,1970,13875.0,0,OldTown,1Fam,2Story,Y,348400.0
3,1388.0,1213.0,0.0,2,2022,2024,10432.0,0,NorthAmes,1Fam,2Story,Y,350400.0
5,1849.0,1700.0,1.0,2,1999,2018,17164.0,1,Edwards,1Fam,1.5Fin,N,403100.0
5,2008.0,1277.0,2.0,2,1955,1966,7918.0,1,CollegeCreek,1Fam,1Story,Y,413300.0
7,2071.0,2028.0,3.0,2,1982,2011,13755.0,1,Somerset,1Fam,1Story,Y,576100.0
7,2127.0,1482.0,3.0,3,2001,2019,7551.0,1,Northridge,1Fam,1Story,Y,618500.0
4,1698.0,1395.0,1.0,2,1942,1955,10679.0,1,Sawyer,TwnhsE,1Story,Y,350700.0
8,2172.0,2131.0,3.0,2,1958,1958,6543.0,0,Mitchell,Twnhs,1.5Fin,Y,565600.0
8,1610.0,1429.0,2.0,1,1920,1950,6118.0,1,Gilbert,1Fam,1Story,Y,483800.0
6,1856.0,1808.0,4.0,2,2001,2003,17102.0,0,Crawford,1Fam,1Story,Y,542300.0
8,1726.0,1261.0,3.0,1,1950,1964,15428.0,0,Northridge,1Fam,2Story,Y,588400.0
7,1097.0,1056.0,2.0,1,2000,2019,7904.0,0,Sawyer,1Fam,1Story,Y,413400.0
6,2436.0,2309.0,1.0,2,1945,1969,10872.0,2,Sawyer,1Fam,1Story,Y,498700.0
7,1698.0,1547.0,3.0,2,1981,2001,16913.0,1,Mitchell,Duplex,2Story,Y,515100.0
5,1569.0,1597.0,1.0,2,2022,2024,9450.0,0,NorthAmes,1Fam,1Story,Y,431800.0
7,1442.0,1264.0,3.0,2,1954,1971,8005.0,0,NorthAmes,1Fam,1Story,Y,441600.0
4,1483.0,966.0,2.0,2,2019,2024,4700.0,1,Gilbert,1Fam,2Story,Y,426400.0
5,2081.0,1888.0,2.0,2,1932,1950,8024.0,0,Sawyer,TwnhsE,1Story,N,405800.0
5,1887.0,1391.0,3.0,2,1946,1975,9867.0,1,NorthAmes,1Fam,1Story,N,390300.0
7,2161.0,2285.0,2.0,2,1943,1966,3483.0,1,Northridge,1Fam,2Story,Y,569300.0
4,1649.0,1032.0,1.0,2,1942,1967,5295.0,0,CollegeCreek,1Fam,2Story,Y,367100.0
5,1348.0,1095.0,2.0,2,1996,2009,14675.0,0,Edwards,1Fam,1Story,Y,371100.0
6,1693.0,1653.0,3.0,1,1962,1971,7553.0,1,CollegeCreek,1Fam,1Story,Y,488200.0
10,1851.0,1465.0,4.0,2,1954,1956,7076.0,1,NorthAmes,1Fam,1.5Fin,Y,636100.0
6,1422.0,1420.0,2.0,2,2023,2024,5103.0,0,Somerset,1Fam,1Story,Y,485500.0
6,1636.0,1428.0,2.0,1,1940,1961,5544.0,1,Edwards,1Fam,1Story,Y,373300.0
8,1212.0,1002.0,3.0,1,2023,2024,11401.0,0,NorthAmes,1Fam,1Story,Y,484000.0
6,2045.0,2189.0,2.0,2,2013,2024,7511.0,1,Somerset,1Fam,2Story,Y,588200.0
7,1819.0,1467.0,3.0,2,1975,2002,16165.0,0,Edwards,Duplex,2Story,N,469900.0
6,992.0,819.0,3.0,1,1948,1969,12625.0,1,Sawyer,1Fam,1Story,Y,357300.0
4,1571.0,1488.0,1.0,2,2002,2017,11473.0,0,NorthAmes,1Fam,1Story,Y,400300.0
6,1560.0,1549.0,2.0,2,1993,2011,11819.0,0,NorthAmes,1Fam,1Story,Y,455000.0
8,1710.0,1164.0,2.0,3,2007,2024,28340.0,0,Gilbert,Duplex,2Story,N,556300.0
7,2308.0,1941.0,3.0,3,1960,1974,5949.0,0,Mitchell,1Fam,1Story,N,522600.0
7,1297.0,1234.0,3.0,2,1989,1997,12606.0,2,Sawyer,1Fam,1Story,N,479500.0
6,1709.0,1035.0,3.0,1,2000,2015,13080.0,0,Somerset,1Fam,1Story,Y,502200.0
9,1264.0,930.0,3.0,1,1978,2002,5409.0,0,Sawyer,1Fam,SLvl,Y,537900.0
6,979.0,1020.0,3.0,2,1969,1990,4137.0,1,CollegeCreek,1Fam,2Story,N,377600.0
7,1837.0,1417.0,3.0,2,1968,1968,4884.0,1,OldTown,1Fam,1Story,Y,477300.0
6,710.0,615.0,2.0,1,1927,1950,6154.0,1,Somerset,1Fam,2Story,Y,354000.0
8,1507.0,1302.0,2.0,2,1921,1950,5105.0,0,Somerset,1Fam,1Story,Y,509400.0
7,1797.0,1461.0,3.0,2,1996,1997,8660.0,1,NorthAmes,1Fam,1Story,Y,537000.0
7,2325.0,0.0,3.0,3,1921,1950,20483.0,0,Sawyer,2fmCon,1Story,Y,433600.0
5,1322.0,884.0,3.0,1,1954,1977,8935.0,1,NorthAmes,2fmCon,1Story,Y,361000.0
5,757.0,511.0,2.0,1,2017,2024,3917.0,1,Northridge,TwnhsE,1.5Fin,N,393100.0
4,1661.0,1585.0,1.0,2,1986,1989,8626.0,0,Sawyer,1Fam,1Story,Y,352300.0
6,2373.0,1490.0,2.0,3,1942,1963,9142.0,1,Sawyer,1Fam,1Story,Y,497500.0
3,920.0,812.0,0.0,1,2005,2006,7331.0,1,Northridge,1Fam,2Story,Y,327800.0
6,1803.0,1474.0,3.0,3,2015,2024,11747.0,0,Crawford,Twnhs,1.5Fin,Y,525800.0
7,1373.0,1426.0,3.0,1,1982,1985,6739.0,1,NorthAmes,1Fam,SLvl,Y,476500.0
5,1322.0,990.0,2.0,1,1988,1999,9686.0,2,OldTown,1Fam,SLvl,Y,354600.0
8,2070.0,1375.0,3.0,3,1993,2003,6734.0,1,OldTown,1Fam,SLvl,Y,568000.0
4,600.0,0.0,1.0,1,1939,1953,28531.0,2,Somerset,1Fam,1Story,Y,283000.0
3,1577.0,1571.0,1.0,2,1936,1950,6067.0,1,NorthAmes,1Fam,1Story,Y,302100.0
7,939.0,703.0,2.0,1,2023,2024,7486.0,0,Sawyer,2fmCon,2Story,Y,398200.0
5,1508.0,1354.0,2.0,2,1998,2024,12485.0,2,CollegeCreek,1Fam,1Story,Y,448000.0
6,1802.0,1396.0,1.0,2,2019,2022,13327.0,1,NorthAmes,1Fam,2Story,Y,457300.0
6,2176.0,1405.0,2.0,3,1947,1954,9184.0,0,Crawford,TwnhsE,2Story,N,453800.0
9,1406.0,1097.0,4.0,1,2020,2024,13325.0,0,Northridge,1Fam,2Story,Y,652100.0
8,1968.0,1965.0,3.0,2,1952,1966,6673.0,0,OldTown,1Fam,1Story,Y,542900.0
6,1126.0,963.0,3.0,1,1936,1962,10545.0,1,NorthAmes,1Fam,1Story,Y,384900.0
7,1216.0,874.0,4.0,2,1929,1955,6488.0,0,CollegeCreek,1Fam,2Story,Y,458300.0
7,1719.0,1884.0,3.0,2,1931,1953,4191.0,2,NorthAmes,1Fam,SLvl,Y,482500.0
6,1884.0,1955.0,3.0,2,1955,1978,15036.0,0,Crawford,1Fam,1Story,Y,480600.0
9,1680.0,1218.0,4.0,2,1984,2008,8076.0,0,Edwards,1Fam,2Story,Y,602300.0
7,2150.0,1953.0,2.0,3,1955,1963,9726.0,1,NorthAmes,1Fam,2Story,Y,549600.0
6,2066.0,1900.0,3.0,2,1923,1950,15184.0,0,CollegeCreek,1Fam,2Story,Y,487500.0
8,1850.0,2007.0,3.0,2,1950,1966,7319.0,0,OldTown,1Fam,1Story,N,487400.0
6,1372.0,1310.0,3.0,1,1947,1966,3321.0,2,Somerset,1Fam,1Story,Y,454100.0
9,1825.0,1926.0,4.0,2,1954,1961,9954.0,0,CollegeCreek,1Fam,2Story,Y,613700.0
5,2040.0,2059.0,1.0,2,1931,1950,9202.0,0,Sawyer,1Fam,1Story,Y,402600.0
6,1343.0,966.0,2.0,1,1921,1950,10020.0,0,Sawyer,1Fam,SLvl,Y,343300.0
7,1664.0,1295.0,2.0,2,1991,1997,5957.0,1,Somerset,1Fam,2Story,Y,504100.0
5,2363.0,0.0,2.0,3,1981,2003,6063.0,1,CollegeCreek,1Fam,1Story,Y,427600.0
6,1927.0,1655.0,2.0,2,1949,1978,6125.0,0,Edwards,1Fam,1Story,Y,447600.0
5,1232.0,1126.0,1.0,2,1996,2004,5978.0,0,Edwards,Twnhs,1Story,Y,326100.0
5,1473.0,1189.0,1.0,2,1926,1950,4284.0,1,Sawyer,1Fam,2Story,Y,339800.0
6,1023.0,1048.0,2.0,2,1961,1988,5865.0,0,Edwards,1Fam,2Story,Y,356200.0
7,951.0,990.0,2.0,2,1996,2010,20566.0,2,Somerset,1Fam,1Story,Y,515700.0
8,899.0,818.0,3.0,2,1958,1974,3381.0,0,OldTown,1Fam,1Story,Y,408400.0
6,1305.0,1103.0,3.0,2,1947,1975,9042.0,0,Somerset,1Fam,1Story,Y,420400.0
5,2128.0,0.0,3.0,3,2023,2024,6285.0,0,Edwards,1Fam,2Story,Y,428900.0
8,2883.0,3029.0,2.0,3,1995,2007,7280.0,1,Mitchell,1Fam,1Story,Y,679800.0
7,1724.0,1428.0,2.0,2,1984,1990,6536.0,2,Somerset,1Fam,1.5Fin,Y,546700.0
7,1321.0,1246.0,1.0,2,1972,1987,18461.0,1,CollegeCreek,1Fam,2Story,Y,459300.0
5,941.0,931.0,2.0,1,2019,2024,25490.0,0,CollegeCreek,TwnhsE,2Story,Y,367400.0
5,1992.0,1237.0,2.0,2,1947,1958,16804.0,1,Sawyer,1Fam,2Story,Y,399600.0
6,1815.0,1656.0,2.0,2,1988,2009,8088.0,1,Somerset,1Fam,1Story,Y,517500.0
6,1756.0,1922.0,3.0,3,1930,1950,5948.0,0,NorthAmes,1Fam,1Story,Y,465700.0
6,1614.0,1211.0,2.0,2,1982,1984,22169.0,0,Edwards,1Fam,1.5Fin,Y,409900.0
5,1276.0,1085.0,2.0,2,2000,2005,6230.0,0,Somerset,1Fam,2Story,Y,400700.0
6,1413.0,1037.0,3.0,1,2008,2012,11500.0,1,Northridge,1Fam,1Story,Y,518800.0
6,1185.0,1143.0,2.0,1,1956,1971,11213.0,0,CollegeCreek,1Fam,2Story,N,371000.0
6,1522.0,1037.0,2.0,2,1959,1959,5547.0,1,Gilbert,TwnhsE,1Story,Y,433300.0
6,837.0,787.0,2.0,1,1929,1950,7925.0,0,Edwards,2fmCon,1Story,Y,295700.0
7,1955.0,1969.0,3.0,2,1930,1950,9969.0,1,OldTown,1Fam,2Story,Y,464900.0
7,1778.0,0.0,4.0,2,1921,1950,9092.0,2,CollegeCreek,1Fam,1Story,Y,429000.0
3,1214.0,1273.0,1.0,2,1973,1990,11825.0,1,NorthAmes,1Fam,1Story,Y,306600.0
6,1280.0,842.0,3.0,2,1999,2000,10128.0,1,Sawyer,1Fam,2Story,Y,436500.0
6,1550.0,1245.0,2.0,1,1933,1958,14220.0,1,NorthAmes,1Fam,1Story,Y,416700.0
7,2161.0,1670.0,3.0,2,1950,1972,18739.0,1,NorthAmes,1Fam,2Story,Y,526100.0
3,617.0,486.0,1.0,1,1995,2023,13233.0,0,Somerset,1Fam,1Story,Y,256400.0
7,1229.0,1123.0,2.0,1,2008,2024,20090.0,1,CollegeCreek,TwnhsE,1Story,Y,485400.0
5,1533.0,1148.0,2.0,1,1973,1979,8061.0,2,Gilbert,2fmCon,SLvl,N,355100.0
7,1492.0,1115.0,2.0,1,1992,2009,13192.0,0,OldTown,1Fam,2Story,Y,440600.0
4,1439.0,992.0,2.0,1,1952,1969,10544.0,1,NorthAmes,1Fam,1Story,Y,327100.0
6,1128.0,710.0,3.0,1,1980,2008,6449.0,2,Edwards,Duplex,2Story,Y,404400.0
6,1268.0,1214.0,2.0,1,1933,1959,2969.0,1,CollegeCreek,1Fam,2Story,N,362500.0
6,1937.0,1812.0,3.0,2,2001,2014,12255.0,0,Somerset,1Fam,2Story,Y,527700.0
4,1320.0,1215.0,2.0,2,1986,2002,10732.0,0,NorthAmes,1Fam,1.5Fin,N,337800.0
6,1221.0,884.0,2.0,2,1940,1953,23050.0,1,Gilbert,1Fam,1Story,N,367700.0
5,1474.0,1064.0,1.0,2,1972,1998,12216.0,0,CollegeCreek,1Fam,2Story,Y,385900.0
5,1459.0,0.0,2.0,2,1999,2015,12346.0,0,NorthAmes,1Fam,2Story,Y,346400.0
5,1976.0,1607.0,2.0,2,1944,1971,9071.0,2,CollegeCreek,1Fam,2Story,Y,471000.0
7,1631.0,1650.0,4.0,1,1930,1950,4856.0,1,Somerset,2fmCon,1Story,N,478600.0
6,1852.0,1724.0,2.0,3,1982,1982,14300.0,0,NorthAmes,1Fam,2Story,Y,489600.0
7,1888.0,1753.0,2.0,3,1994,2002,16996.0,1,CollegeCreek,1Fam,2Story,Y,560500.0
8,1832.0,1149.0,2.0,2,1975,1991,6097.0,0,Crawford,1Fam,2Story,Y,521100.0
8,1743.0,1135.0,4.0,2,1935,1950,8428.0,0,NorthAmes,TwnhsE,1Story,Y,528000.0
7,2463.0,2023.0,3.0,3,1981,2004,10232.0,0,Mitchell,1Fam,1Story,Y,578600.0
8,1373.0,917.0,3.0,2,1978,2000,12437.0,0,NorthAmes,1Fam,2Story,Y,507300.0
6,600.0,448.0,2.0,1,1993,2021,13962.0,1,NorthAmes,1Fam,1Story,Y,348700.0
6,1864.0,1191.0,3.0,1,1961,1974,7043.0,3,Somerset,1Fam,1.5Fin,Y,498400.0
9,1809.0,1770.0,3.0,3,1999,2004,8101.0,1,OldTown,1Fam,2Story,Y,612500.0
4,2153.0,1727.0,1.0,3,1974,2001,15862.0,0,NorthAmes,1Fam,1Story,Y,435300.0
4,2014.0,1291.0,2.0,3,1929,1954,5736.0,0,CollegeCreek,TwnhsE,1Story,Y,403200.0
5,1441.0,1452.0,1.0,2,1957,1974,3996.0,1,CollegeCreek,1Fam,1Story,Y,391100.0
8,1548.0,1154.0,4.0,2,1937,1956,5991.0,0,Somerset,Duplex,2Story,Y,533700.0
5,1896.0,1322.0,2.0,2,1987,1987,14692.0,1,OldTown,1Fam,2Story,Y,412400.0
6,1604.0,1581.0,2.0,1,1978,1987,19032.0,0,OldTown,1Fam,2Story,Y,400400.0
6,1235.0,1058.0,2.0,1,1967,1984,4455.0,1,NorthAmes,1Fam,1.5Fin,Y,359900.0
3,1939.0,1388.0,1.0,2,1937,1950,6104.0,0,NorthAmes,2fmCon,1Story,N,305600.0
3,1712.0,1493.0,1.0,2,1958,1971,21111.0,3,Crawford,1Fam,1Story,Y,372900.0
7,2057.0,2070.0,4.0,2,2005,2024,22275.0,1,Somerset,1Fam,2Story,Y,615200.0
6,1624.0,1184.0,2.0,2,1972,1984,9730.0,0,NorthAmes,1Fam,1Story,Y,412900.0
6,2020.0,2204.0,2.0,2,1957,1965,7612.0,1,Northridge,1Fam,1Story,Y,549500.0
5,1600.0,1334.0,3.0,2,1938,1954,4774.0,0,Crawford,TwnhsE,1Story,Y,408200.0
6,600.0,621.0,2.0,1,2004,2024,7707.0,1,NorthAmes,TwnhsE,2Story,Y,365100.0
6,1552.0,1553.0,1.0,2,2016,2024,8249.0,0,OldTown,1Fam,2Story,Y,441000.0
5,1203.0,1231.0,0.0,1,1959,1981,19321.0,2,OldTown,1Fam,2Story,Y,329300.0
5,1582.0,1592.0,2.0,1,2020,2024,15274.0,1,Mitchell,1Fam,2Story,Y,418700.0
5,1889.0,1993.0,2.0,2,1976,1986,5755.0,0,Crawford,1Fam,1Story,Y,461300.0
4,1416.0,1403.0,1.0,2,2013,2024,14518.0,1,Crawford,1Fam,1Story,Y,388100.0
6,1767.0,1371.0,3.0,2,2010,2021,17458.0,1,CollegeCreek,1Fam,2Story,N,503100.0
7,2030.0,2048.0,2.0,2,1959,1988,45000.0,0,Somerset,1Fam,1.5Fin,N,547800.0
5,1381.0,1188.0,2.0,2,1939,1955,17208.0,0,Gilbert,1Fam,1Story,Y,395200.0
5,1473.0,1032.0,3.0,2,1934,1955,27678.0,1,CollegeCreek,TwnhsE,1Story,Y,373400.0
6,1553.0,1384.0,2.0,1,2005,2024,4571.0,0,Somerset,Twnhs,1.5Fin,N,439000.0
5,1307.0,1062.0,3.0,2,1960,1981,6456.0,0,Gilbert,1Fam,1Story,Y,390800.0
7,1496.0,1306.0,3.0,1,1989,1992,16257.0,1,NorthAmes,1Fam,1Story,Y,503500.0
7,2349.0,2557.0,3.0,2,2018,2021,10463.0,1,Edwards,TwnhsE,2Story,Y,595400.0
4,2105.0,1533.0,2.0,2,1990,2012,11456.0,1,Crawford,1Fam,2Story,Y,445200.0
6,818.0,602.0,,1,1950,1954,7322.0,0,Gilbert,1Fam,1Story,Y,354200.0
5,1543.0,1580.0,1.0,2,1961,1973,12241.0,1,Edwards,1Fam,2Story,Y,360000.0
7,1862.0,1893.0,1.0,3,2010,2017,6916.0,1,Somerset,1Fam,1Story,Y,550500.0
4,1616.0,1128.0,1.0,2,1928,1950,7481.0,0,OldTown,1Fam,2Story,Y,304300.0
4,1544.0,1380.0,1.0,2,2022,2024,9868.0,0,Crawford,Duplex,1Story,Y,402000.0
6,1351.0,1192.0,1.0,1,2016,2024,7853.0,1,CollegeCreek,1Fam,2Story,Y,466800.0
6,2249.0,2178.0,2.0,2,1947,1955,13547.0,2,NorthAmes,2fmCon,1Story,Y,491200.0
8,1613.0,1464.0,3.0,1,1986,1996,8031.0,1,NorthAmes,Duplex,1.5Fin,Y,534200.0
8,1539.0,1011.0,3.0,2,1927,1950,8927.0,0,OldTown,Twnhs,1Story,Y,439600.0
6,2239.0,,3.0,2,1939,1968,8012.0,1,CollegeCreek,TwnhsE,2Story,Y,516800.0
7,1524.0,1106.0,3.0,2,1998,2017,7935.0,1,NorthAmes,1Fam,1Story,Y,481500.0
8,2002.0,1525.0,2.0,3,1927,1951,13084.0,0,Sawyer,1Fam,2Story,Y,518200.0
4,1084.0,1146.0,1.0,1,1945,1972,10738.0,0,CollegeCreek,1Fam,1Story,Y,325100.0
7,1547.0,1297.0,2.0,2,1948,1976,8903.0,0,NorthAmes,1Fam,2Story,Y,454400.0
7,1918.0,1537.0,2.0,2,1972,1986,7610.0,3,CollegeCreek,1Fam,1Story,Y,534900.0
4,1634.0,1626.0,2.0,2,1960,1961,4165.0,2,Somerset,1Fam,1Story,Y,409000.0
7,1930.0,0.0,3.0,2,2004,2024,6348.0,0,CollegeCreek,TwnhsE,2Story,Y,488600.0
7,1504.0,1173.0,3.0,2,1947,1955,11013.0,1,NorthAmes,2fmCon,1Story,Y,473800.0
5,1763.0,1459.0,1.0,3,1985,2002,8428.0,1,Gilbert,1Fam,2Story,Y,451500.0
5,2285.0,1615.0,2.0,2,1948,1974,7037.0,2,CollegeCreek,1Fam,1Story,Y,490000.0
6,1397.0,892.0,1.0,2,1971,1984,5523.0,1,OldTown,1Fam,2Story,Y,375100.0
6,1820.0,1638.0,2.0,3,1945,1961,1906.0,0,NorthAmes,1Fam,2Story,Y,459000.0
8,1437.0,0.0,4.0,2,1962,1987,6521.0,1,CollegeCreek,1Fam,2Story,Y,510600.0
7,1995.0,2162.0,2.0,2,2006,2024,4446.0,0,NorthAmes,1Fam,2Story,Y,570000.0
4,1910.0,0.0,2.0,2,1948,1968,22532.0,0,Gilbert,Twnhs,1Story,Y,334800.0
6,1961.0,1388.0,2.0,2,1971,1988,8915.0,0,Edwards,1Fam,1Story,Y,446800.0
8,1007.0,1051.0,2.0,2,2016,2024,7131.0,0,NorthAmes,Duplex,1Story,Y,503400.0
6,1605.0,1112.0,1.0,2,2013,2024,10563.0,0,Sawyer,TwnhsE,2Story,Y,433300.0
7,1544.0,1345.0,3.0,2,1996,2002,8359.0,0,NorthAmes,Duplex,1.5Fin,Y,521000.0
7,1540.0,1551.0,3.0,2,1972,1993,10015.0,1,Somerset,1Fam,1Story,Y,524300.0
6,1458.0,995.0,4.0,2,1982,1988,16501.0,0,Crawford,1Fam,1Story,N,441400.0
2,1167.0,1010.0,1.0,2,1945,1964,6611.0,0,OldTown,1Fam,1Story,Y,215800.0
6,1713.0,1284.0,2.0,2,1964,1974,4545.0,1,Somerset,1Fam,1Story,Y,476400.0
8,1342.0,1170.0,2.0,1,2009,2017,7587.0,0,CollegeCreek,1Fam,1Story,N,509500.0
7,1037.0,774.0,3.0,2,1948,1966,6488.0,0,Crawford,1Fam,1Story,Y,412600.0
7,1593.0,1622.0,2.0,3,1951,1956,6957.0,3,Edwards,1Fam,1Story,Y,470200.0
3,1819.0,1499.0,2.0,3,1968,1982,7785.0,2,Sawyer,1Fam,1Story,Y,383600.0
6,1311.0,1109.0,3.0,2,1942,1958,7868.0,2,NorthAmes,TwnhsE,1Story,Y,431600.0
4,1451.0,948.0,1.0,3,1930,1950,5330.0,0,Somerset,1Fam,2Story,Y,335200.0
6,985.0,981.0,1.0,1,2022,2024,7328.0,0,OldTown,1Fam,2Story,Y,338300.0
3,855.0,563.0,1.0,1,1992,2017,4108.0,0,Crawford,1Fam,1Story,Y,261600.0
6,1419.0,994.0,2.0,2,1961,1983,12852.0,0,CollegeCreek,1Fam,1Story,Y,411500.0
5,1804.0,1183.0,1.0,2,2002,2020,8956.0,1,NorthAmes,1Fam,2Story,Y,400400.0
2,1520.0,1634.0,1.0,1,1980,1993,8251.0,1,Crawford,1Fam,1Story,Y,326200.0
9,1106.0,901.0,3.0,1,1991,1997,9278.0,1,NorthAmes,TwnhsE,1Story,Y,526400.0
5,1203.0,827.0,2.0,2,1981,1998,13768.0,1,Sawyer,1Fam,1Story,Y,342500.0
4,1406.0,1516.0,3.0,1,1935,1950,5161.0,1,OldTown,1Fam,1Story,N,301900.0
9,1616.0,1508.0,4.0,2,1998,2006,11524.0,1,Sawyer,1Fam,2Story,Y,608600.0
5,1527.0,1289.0,1.0,2,2022,2024,16601.0,0,NorthAmes,1Fam,1Story,Y,406400.0
5,1685.0,1747.0,1.0,3,1998,2007,17072.0,1,Mitchell,1Fam,1Story,Y,432000.0
5,2198.0,1552.0,2.0,2,1937,1954,5485.0,2,Northridge,1Fam,1Story,Y,501300.0
8,1902.0,1174.0,3.0,2,1939,1967,10230.0,0,CollegeCreek,1Fam,2Story,Y,532900.0
6,2062.0,1677.0,2.0,3,1957,1981,13596.0,1,Somerset,1Fam,2Story,Y,538900.0
10,1717.0,1353.0,3.0,1,1995,2005,5902.0,0,Gilbert,TwnhsE,1Story,Y,666200.0
7,1472.0,1025.0,2.0,2,1942,1971,6422.0,1,Northridge,TwnhsE,1Story,Y,503600.0
4,1232.0,1244.0,2.0,2,2018,2023,4797.0,0,Crawford,1Fam,1Story,Y,396000.0
6,1623.0,1040.0,2.0,2,1926,1950,14469.0,1,NorthAmes,1Fam,1Story,Y,390600.0
7,981.0,776.0,2.0,1,2019,2024,8904.0,0,Gilbert,1Fam,2Story,Y,451800.0
4,1565.0,1687.0,1.0,3,1931,1950,7503.0,0,Edwards,Twnhs,1Story,Y,321700.0
4,1050.0,725.0,1.0,1,1941,1952,7364.0,2,CollegeCreek,1Fam,2Story,Y,288800.0
5,1293.0,829.0,2.0,1,1949,1951,17120.0,1,NorthAmes,1Fam,2Story,Y,325400.0
8,1774.0,1886.0,3.0,2,1968,1971,7405.0,0,CollegeCreek,1Fam,2Story,Y,573000.0
6,2212.0,1566.0,1.0,3,1950,1955,9857.0,0,OldTown,1Fam,1Story,Y,445300.0
8,1677.0,1358.0,2.0,1,2001,2018,6190.0,0,NorthAmes,1Fam,2Story,Y,539200.0
2,600.0,525.0,1.0,1,1960,1987,30684.0,0,CollegeCreek,1Fam,2Story,Y,241000.0
9,1346.0,1479.0,3.0,1,1973,1992,11000.0,1,Somerset,1Fam,2Story,N,566000.0
8,2298.0,2302.0,3.0,2,2009,2024,12227.0,0,CollegeCreek,1Fam,2Story,N,616800.0
4,1027.0,903.0,1.0,2,2018,2024,9606.0,1,NorthAmes,Duplex,2Story,Y,321800.0
7,2029.0,2107.0,3.0,3,1972,1988,9331.0,1,Northridge,1Fam,1Story,Y,621200.0
6,1132.0,1065.0,2.0,1,1935,1950,12915.0,0,OldTown,1Fam,1Story,Y,325200.0
5,2919.0,1771.0,2.0,3,1958,1977,7449.0,1,Somerset,1Fam,2Story,Y,564800.0
5,1849.0,2026.0,2.0,2,1963,1980,8697.0,2,CollegeCreek,1Fam,SLvl,Y,470100.0
6,2439.0,2152.0,2.0,2,1993,2005,9099.0,0,NorthAmes,1Fam,1Story,Y,499400.0
7,1022.0,1018.0,2.0,2,2012,2024,7742.0,0,NorthAmes,1Fam,1Story,Y,431800.0
6,2548.0,2270.0,2.0,3,1939,1962,7638.0,1,CollegeCreek,1Fam,1Story,N,507100.0
6,1703.0,1366.0,2.0,2,1968,1968,2147.0,3,Gilbert,1Fam,1Story,Y,466500.0
7,873.0,667.0,2.0,1,1988,2009,13501.0,1,Northridge,1Fam,2Story,Y,474400.0
6,2501.0,2455.0,1.0,3,2001,2024,26948.0,0,NorthAmes,1Fam,1Story,N,526700.0
9,1543.0,1167.0,4.0,2,1984,1999,7142.0,1,NorthAmes,Twnhs,SLvl,Y,594100.0
9,1684.0,1735.0,4.0,1,1925,1950,3648.0,1,NorthAmes,1Fam,1Story,Y,549800.0
4,1844.0,1552.0,1.0,2,1993,2021,4082.0,0,NorthAmes,1Fam,1Story,Y,408600.0
6,2006.0,1859.0,2.0,2,1928,1950,23016.0,0,Northridge,1Fam,1.5Fin,Y,538700.0
8,1827.0,1294.0,3.0,2,1988,1988,23671.0,0,Somerset,1Fam,1Story,Y,570300.0
4,1309.0,1232.0,1.0,1,1965,1992,4101.0,0,Gilbert,1Fam,1Story,Y,332100.0
5,1693.0,1511.0,2.0,1,1993,2013,7164.0,1,Mitchell,Twnhs,1Story,Y,428600.0
9,1544.0,1624.0,2.0,2,1953,1977,10505.0,1,Crawford,1Fam,2Story,Y,563300.0
8,1376.0,910.0,3.0,2,2006,2024,7683.0,1,NorthAmes,1Fam,1Story,Y,489900.0
7,1906.0,1341.0,1.0,2,2023,2024,8938.0,0,Somerset,1Fam,2Story,Y,547600.0
6,1271.0,990.0,2.0,1,1978,1981,23513.0,3,Mitchell,2fmCon,1Story,Y,409900.0
7,1270.0,1118.0,2.0,1,1986,2015,8103.0,0,Mitchell,1Fam,1Story,Y,427400.0
7,1450.0,1503.0,3.0,1,1981,2010,9760.0,1,Edwards,1Fam,SLvl,Y,464500.0
4,1289.0,1075.0,2.0,2,1947,1956,4876.0,1,Gilbert,1Fam,1Story,N,336800.0
9,2129.0,1925.0,3.0,3,1939,1964,10906.0,1,OldTown,TwnhsE,1Story,N,575900.0
5,1394.0,1231.0,1.0,1,1934,1962,8293.0,1,NorthAmes,1Fam,1Story,Y,332800.0
7,1728.0,1530.0,2.0,2,2007,2019,10129.0,1,NorthAmes,1Fam,1.5Fin,Y,509600.0
6,2183.0,1866.0,2.0,3,1979,2007,11195.0,1,Edwards,1Fam,1Story,Y,503400.0
6,1633.0,1028.0,1.0,2,2004,2008,3855.0,0,CollegeCreek,Duplex,2Story,N,418500.0
9,1058.0,1130.0,3.0,1,1934,1950,8906.0,0,CollegeCreek,1Fam,1.5Fin,Y,521400.0
8,2847.0,2810.0,3.0,4,1928,1950,4822.0,0,NorthAmes,1Fam,2Story,Y,651200.0
5,916.0,556.0,2.0,1,1945,1967,5808.0,0,Edwards,1Fam,1Story,Y,267000.0
3,1393.0,1390.0,1.0,1,1945,1963,9811.0,0,Northridge,TwnhsE,1Story,Y,366700.0
4,1517.0,1132.0,1.0,2,1944,1968,16587.0,0,Crawford,1Fam,SLvl,Y,332700.0
3,774.0,0.0,1.0,1,2001,2024,9749.0,0,CollegeCreek,1Fam,1Story,Y,248300.0
5,1571.0,1158.0,2.0,2,1932,1950,7019.0,2,Crawford,1Fam,1Story,Y,390100.0
7,1747.0,1714.0,3.0,3,1958,1976,7499.0,1,OldTown,1Fam,2Story,Y,475100.0
7,1643.0,1739.0,3.0,2,1940,1950,3375.0,0,NorthAmes,1Fam,1.5Fin,Y,495500.0
8,600.0,383.0,3.0,1,1925,1950,9901.0,0,NorthAmes,1Fam,2Story,Y,374600.0
6,1980.0,1237.0,2.0,2,1946,1963,14201.0,0,NorthAmes,2fmCon,1.5Fin,Y,439500.0
6,1992.0,1487.0,2.0,2,2014,2020,5573.0,1,Edwards,1Fam,2Story,N,426300.0
5,1570.0,0.0,1.0,2,1951,1979,7032.0,1,Mitchell,Duplex,1Story,Y,321500.0
6,1558.0,1000.0,2.0,1,1970,1976,10055.0,0,NorthAmes,1Fam,1Story,Y,415500.0
5,977.0,874.0,3.0,1,1933,1954,10076.0,0,NorthAmes,1Fam,1Story,Y,313300.0
7,2693.0,1714.0,3.0,3,1995,1995,8535.0,1,Somerset,TwnhsE,1.5Fin,Y,630700.0
8,1912.0,1768.0,4.0,2,1922,1950,6908.0,0,Northridge,1Fam,1Story,Y,589000.0
7,1898.0,1330.0,,2,1951,1951,23710.0,0,Edwards,Duplex,2Story,Y,463300.0
7,1409.0,1277.0,,1,1994,2005,12041.0,1,NorthAmes,1Fam,2Story,Y,480600.0
6,764.0,828.0,3.0,1,1985,2008,4487.0,1,NorthAmes,Duplex,2Story,Y,366900.0
5,1490.0,1010.0,1.0,2,1985,2011,5047.0,0,Edwards,1Fam,2Story,Y,347600.0
7,1969.0,1573.0,2.0,2,2011,2014,11538.0,0,Gilbert,TwnhsE,2Story,Y,519300.0
7,927.0,938.0,2.0,1,2023,2024,14454.0,0,Mitchell,TwnhsE,2Story,Y,427100.0
6,1093.0,1068.0,2.0,1,1984,1988,6083.0,1,Edwards,1Fam,1Story,Y,364500.0
6,772.0,732.0,3.0,1,1948,1967,19325.0,0,Northridge,1Fam,2Story,Y,409800.0
6,1295.0,1411.0,2.0,2,1977,2001,2941.0,0,OldTown,1Fam,1Story,Y,422400.0
7,1525.0,1445.0,3.0,2,1943,1961,3998.0,0,Somerset,1Fam,1Story,Y,501100.0
8,1912.0,1353.0,3.0,3,1937,1956,6031.0,0,NorthAmes,1Fam,1Story,Y,511400.0
9,1928.0,1272.0,3.0,2,1991,2017,3362.0,1,Northridge,1Fam,1.5Fin,Y,662900.0
7,1588.0,1688.0,3.0,2,1946,1958,13529.0,0,Mitchell,2fmCon,1Story,Y,474300.0
6,1556.0,938.0,3.0,2,2019,2024,13115.0,0,OldTown,1Fam,2Story,Y,427100.0
5,1292.0,1412.0,1.0,1,2008,2024,13194.0,0,Mitchell,2fmCon,2Story,Y,386900.0
9,1589.0,1576.0,4.0,2,1994,2019,6799.0,0,Gilbert,1Fam,2Story,Y,624900.0
6,1260.0,1300.0,1.0,2,1958,1985,7644.0,1,Mitchell,Twnhs,1Story,Y,393200.0
9,2141.0,2126.0,4.0,2,1932,1950,8362.0,2,CollegeCreek,1Fam,1Story,Y,646700.0
7,1927.0,1318.0,2.0,2,1941,1965,9089.0,1,Sawyer,1Fam,1Story,N,437900.0
5,1387.0,1316.0,2.0,2,1979,2008,24476.0,1,OldTown,1Fam,1Story,Y,358400.0
6,1804.0,1645.0,2.0,2,1980,1996,4901.0,1,OldTown,1Fam,1Story,Y,439300.0
6,2226.0,2338.0,1.0,3,2016,2024,13953.0,0,Gilbert,TwnhsE,2Story,Y,552600.0
6,1361.0,1026.0,2.0,2,1936,1960,5928.0,0,Mitchell,1Fam,2Story,Y,352500.0
5,1126.0,900.0,2.0,2,1958,1976,9418.0,1,Crawford,Duplex,2Story,Y,376100.0
7,1723.0,1604.0,2.0,2,1927,1955,7860.0,0,OldTown,1Fam,2Story,Y,445500.0
5,1965.0,1250.0,1.0,2,1939,1950,3905.0,1,Mitchell,1Fam,1Story,Y,403800.0
8,1591.0,1534.0,2.0,1,1962,1963,3317.0,1,NorthAmes,Twnhs,1Story,Y,473500.0
5,1602.0,1021.0,1.0,2,2008,2024,6415.0,0,NorthAmes,1Fam,1.5Fin,Y,379600.0
6,1888.0,1135.0,3.0,3,1949,1951,17774.0,1,Edwards,1Fam,2Story,Y,430100.0
6,1705.0,1491.0,1.0,2,2023,2024,8810.0,0,Somerset,Duplex,1Story,Y,516400.0
9,1964.0,1233.0,4.0,2,1996,2008,8813.0,1,CollegeCreek,1Fam,1Story,Y,618800.0
7,1518.0,1242.0,2.0,2,2005,2024,9171.0,1,Mitchell,1Fam,2Story,Y,488200.0
7,1884.0,1869.0,3.0,2,1972,2001,16098.0,1,NorthAmes,1Fam,1Story,Y,521800.0
8,1490.0,1322.0,4.0,2,1996,2006,6101.0,0,NorthAmes,1Fam,1Story,Y,529300.0
6,1230.0,969.0,2.0,1,2006,2019,22348.0,1,Edwards,1Fam,1Story,Y,397500.0
7,2238.0,1427.0,2.0,2,1966,1991,4491.0,0,Somerset,1Fam,2Story,Y,539500.0
8,2000.0,1466.0,3.0,2,1926,1950,10574.0,0,CollegeCreek,1Fam,2Story,Y,498800.0
6,1929.0,1488.0,2.0,1,1958,1959,10762.0,2,Crawford,1Fam,1.5Fin,Y,425100.0
5,1235.0,1240.0,2.0,1,1950,1972,12265.0,1,Edwards,1Fam,2Story,Y,315400.0
8,2158.0,1641.0,3.0,3,1944,1962,10686.0,0,Northridge,1Fam,2Story,Y,650100.0
5,1135.0,1240.0,2.0,1,1948,1951,12228.0,0,NorthAmes,1Fam,1Story,Y,334300.0
9,2317.0,2075.0,3.0,3,1937,1950,26143.0,0,CollegeCreek,1Fam,1Story,Y,648000.0
5,1941.0,1553.0,2.0,2,1939,1950,4849.0,1,NorthAmes,1Fam,2Story,Y,416300.0
7,1532.0,1664.0,3.0,2,1958,1984,6764.0,0,OldTown,Duplex,1Story,Y,451200.0
8,1802.0,1298.0,3.0,2,1961,1969,4152.0,0,OldTown,1Fam,1.5Fin,Y,517200.0
8,2367.0,1494.0,3.0,3,2005,2024,15616.0,2,Sawyer,1Fam,2Story,Y,637000.0
7,1605.0,1519.0,3.0,1,1923,1950,16217.0,0,OldTown,1Fam,1Story,Y,433000.0
8,2272.0,2401.0,3.0,2,1952,1956,12836.0,0,CollegeCreek,1Fam,1Story,Y,600800.0
8,1425.0,1056.0,4.0,3,1949,1970,10318.0,1,OldTown,1Fam,1Story,Y,505600.0
9,1577.0,1395.0,3.0,2,1969,1998,12257.0,0,Mitchell,1Fam,1Story,Y,584500.0
5,1166.0,737.0,1.0,2,1994,2003,6226.0,0,NorthAmes,1Fam,1Story,Y,330600.0
5,1537.0,1083.0,2.0,2,1981,2010,5885.0,2,NorthAmes,1Fam,1.5Fin,Y,399100.0
6,1368.0,1293.0,2.0,2,1969,1992,11936.0,0,NorthAmes,1Fam,1Story,Y,431800.0
5,1015.0,674.0,2.0,1,2020,2024,16344.0,1,Gilbert,1Fam,1Story,Y,378400.0
5,1290.0,1015.0,2.0,1,1961,1983,16270.0,1,NorthAmes,1Fam,1Story,Y,345900.0
4,759.0,0.0,1.0,1,1931,1950,3749.0,1,NorthAmes,1Fam,1.5Fin,Y,214400.0
8,1839.0,1756.0,3.0,2,1973,1981,3920.0,0,Somerset,1Fam,1Story,Y,598200.0
5,730.0,802.0,2.0,1,2013,2024,12174.0,1,NorthAmes,1Fam,2Story,Y,359000.0
6,1794.0,1572.0,2.0,2,1999,2004,14786.0,1,NorthAmes,1Fam,2Story,Y,464600.0
4,1347.0,1098.0,,1,1963,1986,11878.0,1,Somerset,1Fam,2Story,Y,374400.0
7,713.0,0.0,2.0,1,1969,1990,5648.0,3,CollegeCreek,1Fam,1Story,Y,395200.0
7,2044.0,1711.0,2.0,2,1957,1962,7259.0,0,Somerset,1Fam,1Story,Y,522900.0
4,1324.0,1378.0,1.0,1,1949,1959,5953.0,0,Edwards,1Fam,1Story,Y,291900.0
6,1361.0,1312.0,2.0,2,1936,1956,8880.0,1,NorthAmes,1Fam,1Story,Y,377700.0
6,1946.0,1545.0,2.0,3,1943,1950,5254.0,0,CollegeCreek,1Fam,1Story,Y,475100.0
7,1559.0,1158.0,4.0,2,1929,1950,4275.0,2,NorthAmes,1Fam,2Story,Y,446800.0
5,2111.0,2075.0,3.0,2,2018,2024,8920.0,2,NorthAmes,TwnhsE,2Story,Y,531900.0
5,1754.0,1852.0,2.0,1,1925,1950,8955.0,0,Gilbert,1Fam,1Story,Y,428100.0
6,2379.0,2234.0,3.0,2,1937,1959,9680.0,2,CollegeCreek,Twnhs,1Story,Y,540900.0
6,2188.0,2053.0,2.0,2,1932,1961,7171.0,0,NorthAmes,1Fam,2Story,Y,480700.0
7,1102.0,895.0,3.0,1,1963,1986,4563.0,2,NorthAmes,2fmCon,2Story,Y,448600.0
6,1977.0,1768.0,1.0,3,2012,2024,22719.0,0,Somerset,1Fam,1Story,Y,497300.0
5,933.0,874.0,2.0,1,1936,1950,12397.0,0,NorthAmes,1Fam,1Story,Y,281800.0
5,1448.0,1519.0,1.0,2,1981,1995,7300.0,0,OldTown,1Fam,2Story,Y,365600.0
8,1607.0,1374.0,2.0,1,1924,1950,18704.0,0,CollegeCreek,1Fam,2Story,Y,480700.0
6,721.0,649.0,3.0,1,1999,2011,5542.0,0,CollegeCreek,1Fam,1Story,Y,392500.0
7,1801.0,1502.0,2.0,3,2012,2024,7038.0,1,Edwards,1Fam,2Story,Y,537200.0
7,1581.0,1237.0,2.0,1,2021,2024,9117.0,0,NorthAmes,1Fam,2Story,Y,482900.0
6,1594.0,1313.0,2.0,2,1943,1961,17164.0,0,Mitchell,TwnhsE,1Story,Y,409200.0
8,1844.0,1736.0,4.0,2,1990,1991,6670.0,0,Edwards,1Fam,1.5Fin,Y,558000.0
6,2239.0,1457.0,2.0,2,1949,1976,10202.0,0,NorthAmes,Twnhs,1Story,Y,479500.0
7,2111.0,1894.0,2.0,3,2007,2016,8233.0,0,NorthAmes,1Fam,1Story,Y,563200.0
6,992.0,660.0,2.0,1,1980,1982,7840.0,0,CollegeCreek,Twnhs,2Story,Y,385500.0
4,1230.0,1340.0,2.0,2,2020,2024,10654.0,1,CollegeCreek,1Fam,1Story,Y,411000.0
6,672.0,686.0,2.0,1,1990,1997,5544.0,1,CollegeCreek,TwnhsE,1Story,Y,358000.0
5,1775.0,1607.0,2.0,1,1935,1960,7334.0,1,NorthAmes,1Fam,2Story,Y,370400.0
7,1539.0,1186.0,1.0,2,2021,2024,6612.0,0,NorthAmes,Duplex,1Story,N,462500.0
4,1988.0,1997.0,2.0,2,1976,1978,14750.0,0,Crawford,2fmCon,1.5Fin,Y,439500.0
7,1631.0,1002.0,2.0,2,2005,2024,9978.0,1,NorthAmes,1Fam,1Story,Y,481100.0
7,1801.0,1762.0,2.0,1,1959,1980,2720.0,2,Edwards,1Fam,2Story,Y,472700.0
7,2064.0,1837.0,2.0,3,1975,1975,3313.0,1,Gilbert,1Fam,2Story,Y,548100.0
8,2277.0,0.0,2.0,3,1993,1999,17648.0,0,Somerset,1Fam,2Story,Y,566300.0
5,1771.0,1337.0,2.0,2,1951,1960,15693.0,0,NorthAmes,1Fam,2Story,Y,407100.0
5,1166.0,0.0,2.0,1,1967,1980,3981.0,0,Somerset,1Fam,1.5Fin,Y,335700.0
7,1761.0,1914.0,2.0,2,2005,2024,16500.0,1,OldTown,1Fam,1Story,Y,512100.0
6,1390.0,0.0,2.0,2,1995,2024,15241.0,0,Mitchell,Twnhs,2Story,Y,397800.0
8,1979.0,1514.0,3.0,3,1958,1970,16297.0,3,CollegeCreek,1Fam,2Story,Y,610200.0
8,1989.0,1763.0,3.0,2,1975,1998,13250.0,1,NorthAmes,1Fam,2Story,Y,563500.0
6,2363.0,1505.0,3.0,3,2007,2024,8531.0,0,Crawford,1Fam,1Story,Y,543100.0
7,1793.0,1610.0,2.0,3,2023,2024,6990.0,0,Edwards,1Fam,1Story,Y,519500.0
5,1340.0,1432.0,2.0,2,1923,1950,7265.0,0,NorthAmes,1Fam,1Story,Y,361700.0
7,1384.0,1293.0,3.0,2,1988,2012,10410.0,1,NorthAmes,1Fam,2Story,Y,469800.0
7,1371.0,1055.0,2.0,2,1963,1990,4874.0,1,OldTown,1Fam,1Story,Y,460700.0
6,860.0,845.0,4.0,1,1973,2001,9255.0,0,Somerset,1Fam,1Story,Y,415000.0
6,2030.0,1946.0,1.0,2,1993,2003,19630.0,1,Gilbert,1Fam,2Story,Y,500500.0
4,814.0,606.0,0.0,1,2010,2016,3040.0,0,Somerset,TwnhsE,1.5Fin,Y,304200.0
6,2157.0,1762.0,2.0,2,1942,1958,4402.0,0,OldTown,Twnhs,2Story,Y,417800.0
8,2342.0,1871.0,4.0,3,1993,2015,9796.0,0,NorthAmes,1Fam,1Story,Y,611600.0
6,2025.0,1615.0,2.0,2,2015,2018,6756.0,0,Edwards,1Fam,SLvl,Y,473100.0
6,2024.0,1986.0,2.0,3,2022,2024,13251.0,2,Somerset,1Fam,1Story,Y,561900.0
6,1521.0,1418.0,1.0,2,2017,2024,8597.0,1,NorthAmes,Duplex,1Story,Y,444900.0
9,1264.0,1342.0,3.0,1,1937,1950,7364.0,1,NorthAmes,1Fam,1Story,Y,533200.0
6,1153.0,720.0,3.0,1,1938,1957,19066.0,1,Edwards,1Fam,1Story,Y,363300.0
7,1390.0,911.0,3.0,2,2011,2024,16486.0,1,Crawford,Duplex,2Story,Y,495500.0
5,888.0,741.0,2.0,1,2016,2024,12127.0,0,Northridge,1Fam,2Story,Y,400100.0
7,2097.0,2252.0,2.0,3,1951,1973,9711.0,0,Sawyer,Duplex,1Story,Y,519800.0
7,2289.0,2506.0,2.0,3,1938,1963,19513.0,0,CollegeCreek,1Fam,2Story,Y,582000.0
5,1178.0,1174.0,2.0,1,1940,1960,10708.0,1,NorthAmes,1Fam,2Story,Y,333500.0
5,1488.0,906.0,1.0,1,1933,1950,5586.0,1,Northridge,1Fam,1Story,N,380700.0
7,1992.0,1657.0,1.0,3,2023,2024,4377.0,1,OldTown,1Fam,2Story,Y,488000.0
4,1592.0,1616.0,2.0,2,1946,1950,13656.0,1,NorthAmes,Duplex,1Story,Y,378600.0
6,1877.0,1584.0,2.0,2,1945,1961,8474.0,0,Sawyer,1Fam,1Story,Y,429300.0
7,1766.0,1315.0,3.0,2,2003,2005,9596.0,0,Mitchell,1Fam,2Story,Y,488800.0
4,1305.0,1147.0,2.0,2,1975,1979,22789.0,1,Mitchell,TwnhsE,1Story,Y,346000.0
7,1896.0,1693.0,2.0,2,1961,1979,5431.0,0,Mitchell,1Fam,1Story,N,477100.0
6,600.0,0.0,3.0,1,1977,1984,4194.0,2,CollegeCreek,1Fam,1Story,Y,332000.0
6,2220.0,1880.0,2.0,2,1945,1960,13956.0,0,Somerset,1Fam,1Story,N,476300.0
4,1185.0,0.0,1.0,1,1997,2011,11762.0,1,NorthAmes,1Fam,2Story,Y,289900.0
5,1589.0,1712.0,2.0,2,2005,2007,14215.0,1,Crawford,1Fam,1Story,Y,450000.0
7,1760.0,1917.0,3.0,2,1940,1956,19110.0,0,Northridge,1Fam,2Story,N,532100.0
6,1371.0,1128.0,3.0,1,1920,1950,9312.0,1,Northridge,1Fam,1Story,Y,444200.0
7,2348.0,1485.0,2.0,3,1960,1985,6201.0,0,Edwards,1Fam,SLvl,Y,504900.0
9,1890.0,1956.0,3.0,2,1996,1998,5402.0,0,Gilbert,1Fam,1Story,Y,666500.0
8,1797.0,1093.0,3.0,1,1965,1967,9876.0,0,Gilbert,Duplex,1Story,Y,540100.0
6,1480.0,1192.0,2.0,1,2002,2003,15960.0,0,Somerset,1Fam,1Story,Y,439500.0
7,1308.0,1370.0,3.0,2,1977,2006,13624.0,0,CollegeCreek,2fmCon,2Story,Y,499300.0
6,1824.0,1645.0,3.0,1,1977,1990,12007.0,0,CollegeCreek,1Fam,1Story,Y,470000.0
4,1688.0,1115.0,1.0,1,2009,2024,5932.0,0,NorthAmes,1Fam,2Story,Y,351000.0
7,1889.0,1713.0,2.0,2,1961,1970,3839.0,0,Edwards,1Fam,1Story,Y,486300.0
6,1352.0,827.0,2.0,1,1963,1972,17598.0,2,OldTown,1Fam,1Story,Y,376600.0
5,1341.0,1165.0,1.0,1,2022,2024,7500.0,1,NorthAmes,1Fam,1Story,Y,390100.0
5,1110.0,1091.0,2.0,2,1943,1962,8590.0,2,OldTown,1Fam,1Story,Y,320000.0
6,1490.0,1370.0,2.0,2,2012,2023,6462.0,0,Gilbert,1Fam,1Story,Y,469600.0
5,1804.0,1114.0,1.0,2,2000,2018,20654.0,1,OldTown,2fmCon,2Story,Y,392600.0
7,1606.0,1728.0,2.0,2,1933,1957,6458.0,0,NorthAmes,1Fam,1Story,N,420000.0
5,848.0,901.0,2.0,1,1991,1996,8239.0,0,Mitchell,1Fam,2Story,Y,321800.0
4,1699.0,1476.0,1.0,2,2022,2024,11022.0,0,NorthAmes,Twnhs,1Story,Y,409900.0
5,1396.0,1370.0,2.0,2,2012,2024,15063.0,0,CollegeCreek,1Fam,1Story,Y,447700.0
5,857.0,876.0,1.0,1,1923,1950,11517.0,0,Somerset,TwnhsE,1.5Fin,Y,301800.0
9,2238.0,1610.0,3.0,3,2003,2022,16212.0,0,Sawyer,1Fam,1Story,Y,652900.0
3,1273.0,1203.0,2.0,2,1950,1953,3526.0,1,Gilbert,1Fam,1Story,Y,334400.0
7,1292.0,804.0,2.0,1,1938,1965,12557.0,1,Edwards,1Fam,1Story,Y,418100.0
4,1991.0,1786.0,1.0,2,2001,2012,4219.0,1,OldTown,1Fam,1Story,Y,386800.0
4,1853.0,1462.0,1.0,1,1936,1960,14395.0,0,OldTown,1Fam,2Story,Y,318700.0
6,1273.0,817.0,2.0,2,1935,1951,16424.0,0,Crawford,1Fam,1Story,Y,384200.0
7,1562.0,1570.0,3.0,1,1928,1956,8022.0,1,Somerset,1Fam,2Story,Y,483600.0
7,1411.0,1103.0,3.0,2,1925,1953,17151.0,1,Sawyer,1Fam,1Story,Y,397700.0
4,1285.0,1387.0,2.0,1,1997,2010,2656.0,0,Gilbert,1Fam,2Story,Y,359000.0
5,1330.0,871.0,1.0,2,1994,1995,5981.0,1,Somerset,TwnhsE,2Story,Y,422400.0
5,1234.0,1238.0,2.0,1,1965,1976,12152.0,1,NorthAmes,1Fam,1.5Fin,Y,360200.0
5,2309.0,2328.0,1.0,3,1967,1978,6829.0,1,OldTown,1Fam,1.5Fin,Y,440700.0
8,1613.0,1511.0,3.0,2,1961,1987,19843.0,0,NorthAmes,1Fam,1Story,Y,536400.0
4,1744.0,1405.0,1.0,2,1986,2000,9323.0,1,Gilbert,1Fam,1Story,Y,403800.0
3,743.0,740.0,1.0,1,1950,1971,11053.0,1,NorthAmes,1Fam,1.5Fin,Y,237700.0
4,1272.0,951.0,2.0,1,1938,1955,6545.0,0,OldTown,1Fam,2Story,Y,274100.0
4,1505.0,1389.0,1.0,2,1922,1950,6338.0,0,Northridge,TwnhsE,1Story,Y,374900.0
6,1508.0,984.0,2.0,2,1989,2004,10888.0,0,Somerset,1Fam,1.5Fin,Y,458700.0
5,2638.0,,2.0,3,1985,1998,3862.0,1,Somerset,1Fam,1.5Fin,Y,557800.0
5,1043.0,810.0,3.0,1,2005,2017,12186.0,1,CollegeCreek,1Fam,1Story,Y,392900.0
7,1490.0,1492.0,3.0,1,2001,2024,7519.0,2,Sawyer,1Fam,1Story,Y,504100.0
5,1977.0,1769.0,2.0,2,1968,1971,6465.0,1,CollegeCreek,1Fam,1Story,Y,451300.0
7,1326.0,1363.0,2.0,1,1931,1950,8204.0,0,Somerset,1Fam,1Story,Y,467000.0
4,2553.0,1951.0,2.0,2,1926,1950,5048.0,1,NorthAmes,1Fam,2Story,Y,430100.0
5,825.0,869.0,2.0,2,1965,1985,9725.0,1,Gilbert,1Fam,1Story,Y,317000.0
4,683.0,459.0,0.0,1,2022,2024,8144.0,0,Sawyer,1Fam,2Story,Y,261400.0
7,1906.0,1358.0,3.0,2,1942,1951,13865.0,1,Somerset,1Fam,1Story,Y,503300.0
8,1279.0,1056.0,4.0,1,1969,1969,11333.0,1,CollegeCreek,TwnhsE,1Story,Y,513500.0
5,1770.0,1316.0,2.0,1,1998,2024,6361.0,0,Gilbert,1Fam,1.5Fin,Y,431500.0
6,1835.0,2018.0,1.0,2,1920,1950,6754.0,0,Mitchell,1Fam,2Story,Y,406100.0
4,1915.0,0.0,2.0,2,1926,1950,5658.0,1,Northridge,1Fam,1Story,Y,377100.0
8,2229.0,1514.0,3.0,2,1974,2000,8308.0,0,NorthAmes,1Fam,SLvl,Y,581000.0
6,1678.0,1632.0,3.0,2,1978,1989,6689.0,1,Somerset,1Fam,1Story,Y,509000.0
8,2117.0,2216.0,2.0,2,1953,1956,11636.0,2,Somerset,TwnhsE,2Story,Y,621500.0
6,2054.0,2185.0,2.0,2,1949,1950,19069.0,0,Sawyer,1Fam,1Story,N,443700.0
7,1686.0,1025.0,3.0,2,2018,2024,4343.0,1,OldTown,1Fam,1Story,Y,459400.0
5,1872.0,1292.0,2.0,2,1941,1955,2588.0,2,Gilbert,1Fam,1Story,Y,396100.0
7,1493.0,1541.0,3.0,2,1934,1950,6864.0,1,OldTown,1Fam,1Story,Y,423400.0
6,1743.0,1887.0,2.0,2,1925,1950,11191.0,1,NorthAmes,1Fam,2Story,Y,446700.0
7,2093.0,2151.0,3.0,3,2006,2024,5180.0,1,CollegeCreek,TwnhsE,1Story,Y,592200.0
5,2427.0,2377.0,2.0,4,2020,2024,5459.0,1,Edwards,1Fam,1.5Fin,Y,524100.0
8,1984.0,2079.0,3.0,2,1928,1950,7301.0,0,Sawyer,1Fam,2Story,Y,551600.0
8,1768.0,1863.0,4.0,2,1928,1950,12862.0,0,Somerset,1Fam,2Story,Y,572200.0
3,1421.0,1377.0,1.0,1,1975,2000,2823.0,1,Edwards,1Fam,1Story,Y,293400.0
6,1394.0,962.0,2.0,1,1982,1982,9612.0,1,Crawford,TwnhsE,1Story,Y,427500.0
7,1087.0,811.0,2.0,1,1956,1982,11297.0,1,Somerset,2fmCon,2Story,N,422800.0
5,1209.0,1000.0,2.0,2,1995,2005,10332.0,1,Sawyer,1Fam,1Story,Y,378600.0
5,1469.0,1377.0,1.0,1,1926,1950,3181.0,1,OldTown,TwnhsE,1.5Fin,Y,322100.0
7,1828.0,1557.0,2.0,3,1991,1997,6279.0,0,Northridge,1Fam,1Story,Y,585000.0
7,1750.0,1572.0,2.0,2,1996,2003,12073.0,0,Northridge,1Fam,1.5Fin,N,585000.0
5,851.0,543.0,2.0,1,1950,1957,7761.0,1,Northridge,1Fam,1Story,Y,350000.0
5,2035.0,1482.0,2.0,2,1969,1969,8758.0,1,CollegeCreek,1Fam,1Story,Y,443100.0
9,1962.0,1236.0,3.0,3,1929,1950,8946.0,1,CollegeCreek,2fmCon,2Story,Y,598200.0
7,2131.0,1645.0,2.0,3,1998,2004,3833.0,0,CollegeCreek,1Fam,2Story,Y,557500.0
5,829.0,574.0,1.0,1,1933,1950,12346.0,1,Edwards,1Fam,2Story,N,230500.0
8,2173.0,2388.0,3.0,3,2004,2006,5880.0,1,Sawyer,1Fam,1Story,Y,632500.0
8,1888.0,1800.0,4.0,3,1962,1988,7867.0,0,NorthAmes,1Fam,1.5Fin,Y,588100.0
7,2456.0,2278.0,1.0,3,2008,2012,33656.0,0,Somerset,1Fam,1Story,Y,628000.0
7,1510.0,1494.0,3.0,1,2001,2002,8398.0,0,Crawford,1Fam,1Story,Y,488400.0
5,1791.0,1244.0,1.0,2,1934,1950,7379.0,1,Somerset,TwnhsE,1Story,Y,411200.0
8,1898.0,1151.0,3.0,2,1969,1978,7018.0,0,Sawyer,TwnhsE,1Story,Y,526200.0
6,1798.0,1169.0,1.0,2,1928,1950,17293.0,1,Edwards,TwnhsE,2Story,Y,387100.0
8,1665.0,1258.0,3.0,2,1921,1950,4935.0,0,Edwards,1Fam,1Story,Y,480400.0
5,801.0,541.0,2.0,1,1929,1950,5736.0,1,CollegeCreek,1Fam,1Story,N,282700.0
6,1035.0,1052.0,2.0,1,1965,1979,5019.0,2,Somerset,TwnhsE,1Story,Y,424500.0
6,1486.0,1123.0,3.0,3,1982,2005,18733.0,0,OldTown,TwnhsE,1Story,Y,431700.0
7,1188.0,0.0,3.0,1,2014,2024,8576.0,0,Crawford,TwnhsE,2Story,Y,455600.0
7,1783.0,1612.0,2.0,2,1974,1974,11164.0,1,Sawyer,1Fam,1Story,Y,488700.0
5,1562.0,963.0,1.0,2,2021,2024,5276.0,1,Crawford,1Fam,1Story,Y,429800.0
6,2064.0,1992.0,3.0,3,1944,1957,14043.0,0,Sawyer,1Fam,1.5Fin,Y,496300.0
7,1486.0,961.0,3.0,1,1921,1950,3611.0,0,NorthAmes,1Fam,1Story,Y,417800.0
5,1168.0,1061.0,2.0,2,2021,2024,9998.0,0,NorthAmes,1Fam,2Story,Y,382400.0
4,1733.0,1293.0,1.0,2,1933,1962,5027.0,1,Mitchell,1Fam,1Story,Y,330700.0
8,1963.0,1980.0,3.0,2,2000,2016,13317.0,0,Gilbert,1Fam,1Story,Y,608400.0
7,1303.0,1172.0,2.0,1,1924,1950,7537.0,2,CollegeCreek,1Fam,1Story,Y,445500.0
5,1483.0,1029.0,1.0,2,1950,1974,8626.0,1,CollegeCreek,1Fam,1Story,Y,381800.0
4,1498.0,1000.0,1.0,2,2023,2024,11998.0,1,Sawyer,Duplex,2Story,Y,389200.0
6,1698.0,1548.0,2.0,1,1920,1950,12711.0,0,CollegeCreek,1Fam,1Story,Y,389500.0
7,1392.0,1068.0,3.0,2,2005,2010,5615.0,1,Northridge,1Fam,1.5Fin,Y,560800.0
5,1875.0,1156.0,3.0,2,2018,2024,11522.0,0,CollegeCreek,Twnhs,2Story,Y,474600.0
8,1805.0,1180.0,3.0,2,1958,1975,12017.0,1,Crawford,1Fam,2Story,Y,553600.0
7,1663.0,1600.0,2.0,2,1988,2004,8409.0,1,Northridge,Twnhs,1Story,Y,545800.0
7,2494.0,2568.0,1.0,3,1974,1988,9482.0,0,Crawford,1Fam,2Story,N,569800.0
6,1998.0,2081.0,2.0,2,1944,1970,14550.0,0,Somerset,1Fam,2Story,Y,515700.0
5,1493.0,1620.0,2.0,2,1966,1967,6936.0,1,Crawford,Twnhs,1.5Fin,N,385500.0
5,1971.0,0.0,2.0,2,1968,1977,9734.0,2,NorthAmes,1Fam,2Story,Y,347000.0
6,1485.0,1015.0,2.0,2,1944,1952,5368.0,0,CollegeCreek,1Fam,1.5Fin,Y,419400.0
5,2050.0,1399.0,2.0,2,1976,1992,11746.0,0,OldTown,2fmCon,2Story,Y,427300.0
4,1294.0,892.0,1.0,2,1969,1986,13080.0,1,CollegeCreek,1Fam,1Story,Y,343500.0
4,1048.0,1035.0,1.0,1,1938,1967,9434.0,0,Edwards,1Fam,1Story,Y,248800.0
6,1679.0,1039.0,4.0,2,1959,1985,15780.0,1,OldTown,1Fam,1Story,Y,428600.0
6,1469.0,1528.0,2.0,2,1945,1955,11237.0,2,OldTown,1Fam,SLvl,Y,382000.0
8,1906.0,1235.0,2.0,2,1931,1960,14302.0,2,Gilbert,TwnhsE,1Story,Y,529400.0
6,1100.0,873.0,3.0,1,2012,2024,12525.0,0,NorthAmes,1Fam,1Story,Y,394300.0
5,1056.0,862.0,1.0,2,1932,1957,8090.0,1,CollegeCreek,1Fam,2Story,Y,294700.0
6,2099.0,,2.0,2,1932,1950,9579.0,0,Sawyer,1Fam,1Story,Y,443300.0
4,1519.0,1368.0,1.0,2,1929,1957,8942.0,0,Somerset,1Fam,1.5Fin,Y,356600.0
4,1509.0,1003.0,1.0,2,2009,2021,19792.0,2,NorthAmes,1Fam,2Story,Y,397300.0
7,1733.0,1236.0,3.0,2,2007,2009,9541.0,0,Sawyer,1Fam,1Story,Y,483300.0
6,1941.0,2122.0,3.0,2,1928,1950,7094.0,0,Sawyer,1Fam,2Story,Y,495500.0
6,1169.0,967.0,2.0,2,1958,1961,21418.0,0,Edwards,1Fam,1.5Fin,Y,351700.0
6,2080.0,1927.0,1.0,2,1962,1984,11142.0,1,NorthAmes,1Fam,SLvl,Y,469900.0
4,1330.0,1112.0,2.0,1,1975,1988,13338.0,1,Sawyer,1Fam,1Story,Y,324600.0
5,1356.0,1167.0,2.0,2,1923,1950,10962.0,1,Gilbert,1Fam,1Story,Y,359400.0
5,1086.0,962.0,2.0,2,2013,2024,10751.0,0,Gilbert,Duplex,2Story,Y,403300.0
7,1998.0,1514.0,2.0,2,1939,1963,7631.0,0,CollegeCreek,1Fam,1Story,Y,486700.0
6,2058.0,2209.0,1.0,2,1973,1976,10230.0,1,Somerset,1Fam,2Story,Y,517800.0
6,1428.0,887.0,2.0,2,1986,2010,9844.0,0,Northridge,1Fam,2Story,Y,464600.0
4,1727.0,1857.0,2.0,2,1920,1950,6476.0,1,CollegeCreek,1Fam,2Story,Y,376500.0
6,2498.0,1933.0,2.0,3,1983,2006,9906.0,1,CollegeCreek,1Fam,1Story,Y,548200.0
7,1402.0,916.0,2.0,1,1990,2008,6612.0,0,CollegeCreek,1Fam,1Story,Y,449500.0
8,1473.0,1614.0,2.0,2,2003,2011,5273.0,1,Northridge,1Fam,2Story,Y,598200.0
5,1295.0,1326.0,1.0,1,1961,1987,14651.0,1,Somerset,1Fam,2Story,Y,387700.0
5,1525.0,1623.0,1.0,1,1939,1958,25588.0,1,CollegeCreek,1Fam,2Story,Y,386700.0
5,820.0,822.0,2.0,1,1998,2018,4592.0,1,CollegeCreek,1Fam,2Story,Y,354100.0
5,1764.0,1241.0,2.0,2,2009,2017,22558.0,0,Somerset,1Fam,1Story,Y,441600.0
6,1668.0,1568.0,2.0,3,2017,2024,5112.0,1,CollegeCreek,1Fam,2Story,Y,511100.0
7,1416.0,1466.0,3.0,2,1925,1950,15499.0,0,CollegeCreek,1Fam,1.5Fin,Y,456300.0
9,2284.0,1510.0,4.0,2,1968,1982,14469.0,1,OldTown,1Fam,1Story,Y,612700.0
6,2072.0,1730.0,2.0,4,1921,1950,11644.0,0,Sawyer,1Fam,2Story,Y,473200.0
5,1257.0,1358.0,1.0,2,1938,1950,8003.0,0,CollegeCreek,1Fam,1Story,Y,346000.0
6,1292.0,998.0,3.0,2,1941,1953,37686.0,0,Gilbert,1Fam,1Story,N,397800.0
5,1898.0,1967.0,2.0,3,1942,1963,7026.0,0,NorthAmes,1Fam,2Story,Y,444300.0
8,1511.0,1632.0,3.0,1,1962,1965,12004.0,2,Somerset,1Fam,2Story,Y,542800.0
7,1281.0,834.0,4.0,1,1975,1988,7087.0,1,Crawford,1Fam,1Story,Y,436400.0
5,1479.0,992.0,2.0,1,1966,1977,15092.0,0,CollegeCreek,Duplex,2Story,Y,382200.0
6,1708.0,1729.0,1.0,2,1992,1996,5789.0,0,Sawyer,1Fam,2Story,N,442800.0
8,1872.0,1674.0,3.0,3,2005,2010,9467.0,0,Edwards,Duplex,2Story,Y,553800.0
5,1423.0,1023.0,1.0,2,1997,2015,13057.0,1,OldTown,1Fam,2Story,Y,377100.0
6,1826.0,1430.0,2.0,2,2000,2024,5981.0,0,Edwards,1Fam,1Story,Y,471100.0
8,1418.0,890.0,3.0,2,1989,1997,5857.0,2,Somerset,1Fam,1Story,Y,554500.0
4,929.0,899.0,2.0,1,1966,1985,12126.0,0,Northridge,1Fam,2Story,Y,354900.0
7,735.0,666.0,2.0,1,1962,1979,13849.0,0,Sawyer,1Fam,2Story,Y,359900.0
5,2039.0,1795.0,2.0,3,1995,2024,3477.0,0,Sawyer,1Fam,2Story,Y,480800.0
5,2142.0,0.0,2.0,3,1979,1994,17259.0,2,NorthAmes,1Fam,2Story,Y,393700.0
6,2310.0,2300.0,2.0,3,1936,1950,5683.0,0,Sawyer,1Fam,1Story,Y,472800.0
5,1305.0,998.0,1.0,1,1987,1994,8787.0,0,Edwards,Duplex,2Story,Y,328500.0
7,1151.0,816.0,3.0,2,1957,1979,8032.0,0,CollegeCreek,1Fam,2Story,Y,422200.0
10,1547.0,1314.0,3.0,2,1990,2014,6433.0,1,Crawford,1Fam,SLvl,Y,647300.0
8,1474.0,0.0,3.0,2,2011,2022,7477.0,0,Somerset,1Fam,2Story,Y,538800.0
4,1067.0,905.0,1.0,1,2018,2024,13073.0,0,Mitchell,1Fam,2Story,Y,306500.0
4,1305.0,1317.0,1.0,1,1984,1992,11104.0,0,Edwards,1Fam,2Story,Y,325600.0
4,1294.0,1201.0,1.0,1,1962,1964,14314.0,1,Gilbert,1Fam,1.5Fin,Y,334700.0
5,1680.0,0.0,1.0,2,2020,2024,7188.0,2,CollegeCreek,1Fam,1Story,Y,415000.0
7,2497.0,2672.0,2.0,2,1927,1955,8090.0,1,OldTown,1Fam,1Story,Y,532300.0
5,1484.0,1047.0,3.0,1,1932,1950,11658.0,1,OldTown,1Fam,1Story,Y,315300.0
6,1008.0,760.0,3.0,2,1986,2006,9272.0,0,Somerset,Duplex,2Story,Y,418600.0
6,1776.0,1897.0,2.0,2,1995,1995,5901.0,0,CollegeCreek,1Fam,2Story,Y,461700.0
6,1763.0,1350.0,2.0,2,1974,1988,5155.0,0,Crawford,1Fam,2Story,Y,439900.0
5,926.0,984.0,2.0,1,2017,2024,6928.0,0,Edwards,1Fam,1Story,Y,348700.0
6,1639.0,1184.0,2.0,2,1952,1960,14378.0,1,CollegeCreek,1Fam,2Story,Y,437700.0
5,937.0,632.0,2.0,2,1968,1980,6561.0,1,NorthAmes,1Fam,1.5Fin,Y,336600.0
7,1778.0,1823.0,2.0,2,2022,2024,8274.0,2,NorthAmes,1Fam,1Story,Y,540900.0
6,1600.0,0.0,3.0,1,1947,1953,14903.0,0,NorthAmes,1Fam,1Story,Y,337000.0
6,1072.0,677.0,2.0,2,1929,1950,20950.0,2,NorthAmes,1Fam,2Story,Y,342000.0
8,1488.0,976.0,3.0,2,1933,1958,9136.0,0,Sawyer,1Fam,2Story,Y,474200.0
8,2146.0,1785.0,3.0,3,2000,2010,4645.0,2,Northridge,1Fam,1Story,Y,660100.0
4,1528.0,,2.0,2,1945,1966,7316.0,1,Northridge,Twnhs,1Story,Y,422800.0
7,1610.0,1349.0,3.0,1,1994,2019,4528.0,1,Crawford,1Fam,1Story,Y,477100.0
6,1837.0,2017.0,1.0,1,1966,1995,9387.0,1,NorthAmes,1Fam,2Story,Y,454000.0
10,2145.0,1624.0,4.0,2,1973,1989,12816.0,0,Northridge,1Fam,1Story,Y,750000.0
5,1189.0,746.0,1.0,1,1970,1981,14050.0,1,OldTown,1Fam,2Story,Y,295900.0
7,1924.0,1875.0,3.0,2,1926,1950,9036.0,1,NorthAmes,1Fam,1Story,Y,475900.0
7,2256.0,2357.0,3.0,3,2016,2024,6240.0,0,Gilbert,1Fam,1.5Fin,Y,602000.0
6,1574.0,1211.0,2.0,2,1981,1990,4730.0,2,Edwards,2fmCon,1Story,Y,448400.0
7,1549.0,0.0,3.0,2,1947,1968,4542.0,0,Gilbert,1Fam,2Story,Y,420900.0
7,1348.0,1004.0,2.0,2,2012,2024,19412.0,0,Somerset,Twnhs,1Story,Y,496800.0
5,1144.0,926.0,2.0,1,1967,1985,10372.0,0,Mitchell,1Fam,1Story,Y,330500.0
8,1769.0,1511.0,3.0,1,1944,1966,26603.0,0,Gilbert,1Fam,1Story,Y,531000.0
5,1628.0,1673.0,1.0,2,2017,2024,7231.0,1,NorthAmes,1Fam,2Story,Y,434500.0
6,720.0,764.0,1.0,1,2000,2010,4592.0,0,Gilbert,1Fam,1.5Fin,Y,353700.0
7,1841.0,1880.0,2.0,2,1952,1972,6424.0,1,Sawyer,1Fam,2Story,Y,480400.0
6,1149.0,883.0,2.0,1,1978,1982,10134.0,0,Edwards,TwnhsE,1Story,Y,372500.0
5,1468.0,1268.0,2.0,1,1930,1950,6217.0,1,CollegeCreek,TwnhsE,2Story,Y,383400.0
5,1990.0,2054.0,2.0,3,1960,1972,23874.0,0,Northridge,2fmCon,1.5Fin,Y,521300.0
7,1669.0,1714.0,2.0,1,1921,1950,11565.0,0,Northridge,Twnhs,2Story,Y,497800.0
6,1704.0,1095.0,2.0,2,1985,1999,18846.0,0,Somerset,1Fam,2Story,Y,501000.0
3,1529.0,1126.0,2.0,2,1995,2021,5864.0,0,Edwards,1Fam,1Story,Y,341800.0
6,2221.0,2285.0,2.0,2,1977,1991,10292.0,1,Northridge,1Fam,1Story,Y,582500.0
3,1479.0,1263.0,1.0,2,1946,1966,6096.0,0,Northridge,1Fam,1Story,Y,373400.0
6,1903.0,1604.0,2.0,2,1957,1968,21812.0,0,Northridge,1Fam,1.5Fin,Y,515000.0
5,1238.0,952.0,1.0,2,1987,2006,14160.0,0,OldTown,1Fam,1Story,Y,346500.0
5,1509.0,1186.0,2.0,2,1989,2015,8020.0,0,OldTown,1Fam,1Story,Y,388300.0
7,1717.0,1339.0,3.0,3,1979,2004,11752.0,0,Northridge,1Fam,SLvl,Y,557700.0
6,897.0,894.0,1.0,1,1921,1950,17015.0,1,Gilbert,1Fam,1.5Fin,Y,308800.0
6,901.0,719.0,2.0,1,1996,1997,6509.0,1,Edwards,1Fam,1Story,Y,349100.0
5,1879.0,1404.0,2.0,2,1942,1954,7624.0,0,Edwards,1Fam,2Story,Y,370000.0
5,2116.0,1516.0,2.0,2,1948,1959,5477.0,1,Somerset,1Fam,1Story,Y,439100.0
6,2906.0,2788.0,2.0,3,1990,2013,8376.0,0,Northridge,Duplex,2Story,Y,653700.0
5,1106.0,848.0,2.0,1,1930,1951,5992.0,0,Somerset,Duplex,2Story,Y,333700.0
8,1821.0,1200.0,2.0,2,1934,1957,5977.0,0,CollegeCreek,1Fam,2Story,Y,530100.0
5,1457.0,0.0,2.0,3,1924,1950,6921.0,0,Somerset,1Fam,2Story,Y,379600.0
3,1278.0,772.0,1.0,2,2012,2015,9085.0,1,Sawyer,Twnhs,1Story,Y,332600.0
4,2081.0,2231.0,0.0,3,1982,1990,13297.0,0,Somerset,1Fam,2Story,Y,483500.0
6,2274.0,2251.0,2.0,2,1938,1959,10110.0,1,Crawford,1Fam,1Story,Y,492500.0
8,1992.0,1322.0,3.0,2,2009,2024,24896.0,1,Sawyer,1Fam,2Story,Y,590100.0
5,1287.0,898.0,1.0,1,2019,2024,10474.0,2,Sawyer,1Fam,SLvl,Y,393100.0
5,2447.0,1802.0,2.0,3,2016,2020,8885.0,0,NorthAmes,1Fam,1Story,Y,513900.0
9,2400.0,1478.0,3.0,2,1973,1973,7865.0,1,NorthAmes,1Fam,1Story,Y,640400.0
6,1333.0,1393.0,2.0,1,1973,1980,5644.0,1,CollegeCreek,1Fam,2Story,Y,395000.0
6,1556.0,1538.0,1.0,2,1983,2009,9537.0,0,Sawyer,1Fam,2Story,Y,433700.0
6,1891.0,1389.0,3.0,2,1924,1950,3436.0,0,Northridge,1Fam,1Story,Y,465400.0
7,1800.0,1906.0,2.0,2,1930,1950,7637.0,1,Sawyer,1Fam,1Story,Y,457600.0
5,1379.0,922.0,2.0,2,1995,1995,9493.0,1,NorthAmes,1Fam,2Story,Y,389900.0
8,2325.0,2556.0,2.0,2,2020,2024,3443.0,1,Gilbert,1Fam,1Story,Y,652000.0
7,1951.0,1473.0,2.0,2,2023,2024,5584.0,2,Crawford,1Fam,2Story,Y,564000.0
7,1724.0,1303.0,2.0,2,1999,2022,8051.0,2,CollegeCreek,1Fam,SLvl,Y,547900.0
8,1697.0,1573.0,3.0,2,1971,1972,43054.0,1,CollegeCreek,Twnhs,SLvl,Y,554000.0
5,2041.0,2074.0,2.0,2,1948,1960,10863.0,0,Edwards,Duplex,2Story,Y,432900.0
5,1056.0,715.0,2.0,1,1931,1956,11633.0,1,Mitchell,1Fam,2Story,Y,282700.0
5,1339.0,1372.0,2.0,2,1937,1952,7461.0,0,CollegeCreek,1Fam,1Story,Y,367800.0
6,1203.0,1313.0,2.0,1,1922,1950,24049.0,1,Sawyer,TwnhsE,1Story,Y,341500.0
7,2291.0,1929.0,3.0,3,2012,2024,3827.0,1,Mitchell,1Fam,2Story,Y,566200.0
6,1616.0,1167.0,3.0,1,1930,1955,3755.0,0,Sawyer,1Fam,1Story,Y,392700.0
6,1420.0,867.0,2.0,2,2011,2024,7009.0,1,NorthAmes,1Fam,2Story,Y,427800.0
5,1661.0,1321.0,2.0,2,1968,1970,12678.0,0,Gilbert,1Fam,2Story,Y,407900.0
5,1396.0,1223.0,1.0,2,1935,1950,14042.0,1,CollegeCreek,1Fam,1Story,Y,357000.0
5,1792.0,1378.0,,2,1956,1973,13774.0,1,NorthAmes,1Fam,1Story,Y,421400.0
8,2943.0,2201.0,4.0,3,2016,2024,5243.0,1,OldTown,1Fam,1.5Fin,Y,660100.0
10,2674.0,2295.0,4.0,3,1969,1993,7712.0,2,Somerset,1Fam,2Story,N,750000.0
6,1338.0,1130.0,3.0,2,2003,2024,9426.0,1,NorthAmes,1Fam,1.5Fin,Y,454200.0
7,1930.0,1561.0,2.0,2,1993,1994,14310.0,0,Somerset,Twnhs,1Story,Y,544300.0
5,1089.0,873.0,2.0,1,1950,1963,6430.0,0,Edwards,1Fam,2Story,Y,309700.0
6,1410.0,1541.0,3.0,2,2007,2024,20427.0,0,Edwards,1Fam,2Story,Y,433100.0
4,1471.0,1498.0,1.0,2,2021,2024,3124.0,0,Edwards,Twnhs,1Story,Y,364800.0
8,2174.0,1936.0,2.0,2,1994,2010,25576.0,0,Gilbert,Twnhs,SLvl,Y,607300.0
6,1152.0,958.0,4.0,1,2001,2024,13783.0,1,Edwards,1Fam,1Story,Y,436900.0
7,1828.0,1702.0,1.0,3,1983,1988,8129.0,1,Gilbert,1Fam,2Story,Y,496600.0
5,1360.0,1331.0,3.0,3,1955,1960,8772.0,1,Sawyer,1Fam,1Story,Y,378700.0
6,1803.0,1332.0,2.0,2,1984,2009,7595.0,1,Northridge,1Fam,2Story,Y,509000.0
8,1820.0,1659.0,3.0,2,1937,1950,30007.0,1,Somerset,1Fam,2Story,Y,596700.0
8,1668.0,1287.0,2.0,1,1935,1957,10543.0,1,OldTown,1Fam,2Story,Y,467600.0
4,1496.0,0.0,1.0,2,1968,1988,10715.0,0,OldTown,1Fam,2Story,Y,248900.0
5,1595.0,1606.0,2.0,3,1967,1967,8403.0,0,Northridge,1Fam,1Story,Y,463200.0
7,1757.0,1464.0,2.0,3,1935,1950,5032.0,0,NorthAmes,Twnhs,1Story,Y,449000.0
7,849.0,539.0,4.0,1,1927,1950,4594.0,2,OldTown,1Fam,1Story,Y,342200.0
3,600.0,500.0,1.0,1,1932,1950,8287.0,0,Crawford,1Fam,1Story,Y,223400.0
9,1727.0,1269.0,4.0,2,1971,1988,5086.0,1,NorthAmes,Twnhs,2Story,Y,600700.0
6,1697.0,0.0,2.0,2,1921,1950,9409.0,1,NorthAmes,1Fam,2Story,Y,358300.0
7,1304.0,959.0,2.0,2,2016,2024,10454.0,3,OldTown,1Fam,2Story,Y,491800.0
9,1287.0,1143.0,4.0,2,1992,2010,23644.0,3,Northridge,1Fam,1Story,Y,648400.0
4,1707.0,1175.0,1.0,1,1992,1994,4762.0,1,NorthAmes,1Fam,1Story,Y,353600.0
7,1167.0,1249.0,2.0,1,1946,1973,3640.0,1,Mitchell,1Fam,1Story,Y,396100.0
8,2180.0,1464.0,2.0,3,2003,2006,7359.0,3,CollegeCreek,1Fam,2Story,Y,606000.0
8,2835.0,2510.0,3.0,3,1983,2009,11538.0,3,Somerset,1Fam,1Story,Y,720400.0
7,2522.0,1873.0,2.0,3,1937,1958,23445.0,1,Somerset,1Fam,1Story,Y,584800.0
8,1688.0,1159.0,3.0,2,2006,2022,10351.0,0,Mitchell,1Fam,2Story,Y,520300.0
6,1252.0,1369.0,1.0,1,2022,2024,8767.0,2,NorthAmes,1Fam,1Story,Y,438500.0
4,600.0,616.0,2.0,1,1922,1950,6116.0,1,NorthAmes,Duplex,1Story,Y,231200.0
7,1737.0,1805.0,3.0,2,1990,2013,8492.0,1,CollegeCreek,1Fam,2Story,N,524600.0
6,1414.0,1455.0,2.0,2,1975,1979,5768.0,1,CollegeCreek,1Fam,1Story,Y,457000.0
5,2757.0,2975.0,2.0,3,1996,2017,8999.0,3,Crawford,TwnhsE,1Story,Y,633000.0
6,1036.0,675.0,2.0,2,2000,2009,10268.0,1,Mitchell,1Fam,SLvl,Y,385700.0
3,1126.0,798.0,1.0,2,1988,1995,4194.0,1,Northridge,1Fam,1Story,Y,355900.0
7,958.0,923.0,3.0,1,1944,1965,4580.0,0,NorthAmes,1Fam,1Story,Y,412400.0
7,2348.0,2249.0,3.0,2,1940,1955,16179.0,1,Crawford,Duplex,1Story,Y,561000.0
5,902.0,828.0,2.0,1,1990,1998,11224.0,2,Northridge,TwnhsE,1Story,Y,390500.0
5,1855.0,1230.0,,2,1996,2008,5584.0,0,Sawyer,1Fam,1Story,Y,393200.0
7,1705.0,1858.0,3.0,2,1944,1958,13494.0,1,NorthAmes,1Fam,1Story,Y,498200.0
5,1298.0,930.0,2.0,2,1952,1979,9637.0,1,Somerset,TwnhsE,2Story,Y,412600.0
5,922.0,650.0,1.0,1,1943,1961,22572.0,0,Crawford,1Fam,2Story,Y,321600.0
7,1429.0,1567.0,1.0,2,1933,1950,2188.0,1,Mitchell,1Fam,1Story,Y,406900.0
6,2453.0,2058.0,3.0,2,1958,1967,10529.0,1,NorthAmes,1Fam,1Story,Y,513400.0
7,1203.0,,3.0,1,2013,2024,11797.0,0,Northridge,1Fam,1Story,Y,537700.0
4,1245.0,1047.0,2.0,1,2006,2014,2986.0,0,Somerset,1Fam,2Story,Y,379800.0
6,2249.0,2323.0,2.0,2,1977,1977,8986.0,0,Sawyer,TwnhsE,2Story,Y,476700.0
9,2414.0,1550.0,4.0,2,1967,1976,12946.0,0,Northridge,1Fam,2Story,Y,690100.0
8,1453.0,1396.0,3.0,2,1994,2022,15483.0,0,CollegeCreek,1Fam,2Story,Y,546700.0
9,976.0,854.0,3.0,1,1936,1950,11946.0,1,NorthAmes,1Fam,1Story,Y,462900.0
7,1109.0,1139.0,2.0,1,1980,1990,5640.0,0,Northridge,TwnhsE,1.5Fin,Y,485300.0
5,1490.0,0.0,1.0,2,2001,2018,12604.0,0,Crawford,1Fam,1Story,Y,348900.0
7,1945.0,1314.0,1.0,3,2002,2005,9087.0,1,Gilbert,1Fam,1Story,N,522400.0
7,1612.0,1409.0,4.0,2,1943,1951,7642.0,0,CollegeCreek,1Fam,1Story,Y,524100.0
7,1720.0,1681.0,3.0,2,2001,2020,5213.0,1,NorthAmes,1Fam,2Story,Y,533300.0
8,1425.0,882.0,4.0,1,1927,1950,6785.0,1,Mitchell,1Fam,2Story,Y,440400.0
7,1287.0,1322.0,2.0,1,1986,2000,15554.0,1,Northridge,1Fam,1Story,N,487200.0
5,1555.0,1240.0,2.0,1,1928,1952,8923.0,0,Gilbert,1Fam,2Story,Y,358300.0
6,2031.0,2123.0,2.0,2,2008,2018,13275.0,1,NorthAmes,1Fam,1Story,Y,515700.0
8,1389.0,1359.0,3.0,2,1944,1966,6110.0,1,NorthAmes,1Fam,SLvl,Y,503500.0
9,1658.0,1531.0,2.0,2,2022,2024,7577.0,1,Somerset,1Fam,2Story,Y,655000.0
